plant_id,Row,Range,Row_Range,id,area(m^2)
20RITI20001,1,1,1_1,1,1.928883696
20RITI20002,1,2,1_2,19,2.166432066
20RITI20003,1,3,1_3,37,2.332821845
20RITI20004,1,4,1_4,55,1.958388457
20RITI20005,1,5,1_5,73,2.28013187
20RITI20006,1,6,1_6,91,1.559638182
20RITI20007,1,7,1_7,109,1.896694397
20RITI20008,1,8,1_8,127,1.738409735
20RITI20009,1,9,1_9,145,2.039224897
20RITI20010,1,10,1_10,163,1.970773915
20RITI20011,1,11,1_11,181,1.880257603
20RITI20012,1,12,1_12,199,1.941050894
20RITI20013,1,13,1_13,217,1.723777665
20RITI20014,1,14,1_14,235,1.899626533
20RITI20015,1,15,1_15,253,2.028863205
20RITI20016,1,16,1_16,271,1.689104751
20RITI20017,1,17,1_17,289,1.754401258
20RITI20018,1,18,1_18,307,1.700137123
20RITI20019,1,19,1_19,325,1.497053169
20RITI20020,1,20,1_20,343,1.562108929
20RITI20021,1,21,1_21,361,2.145490384
20RITI20022,1,22,1_22,379,1.668842157
20RITI20023,1,23,1_23,397,1.865175584
20RITI20024,1,24,1_24,415,1.983155448
20RITI20025,1,25,1_25,433,1.585303591
20RITI20026,1,26,1_26,451,1.934298712
20RITI20027,1,27,1_27,469,1.497275989
20RITI20028,1,28,1_28,487,2.290262776
20RITI20029,1,29,1_29,505,1.874407601
20RITI20030,1,30,1_30,523,1.613677804
20RITI20031,1,31,1_31,541,1.294415758
20RITI20032,1,32,1_32,559,1.776684581
20RITI20033,1,33,1_33,577,1.514162684
20RITI20034,1,34,1_34,595,2.199077738
20RITI20035,1,35,1_35,613,1.653077579
20RITI20036,1,36,1_36,631,1.372084207
20RITI20037,1,37,1_37,649,1.42793349
20RITI20038,1,38,1_38,667,1.64519752
20RITI20039,1,39,1_39,685,2.337318863
20RITI20040,1,40,1_40,703,2.140299952
20RITI20041,1,41,1_41,721,1.538032103
20RITI20042,1,42,1_42,739,1.592294321
20RITI20043,1,43,1_43,757,1.54703351
20RITI20044,1,44,1_44,775,1.884537085
20RITI20045,1,45,1_45,793,2.092132255
20RITI20046,1,46,1_46,811,1.665686771
20RITI20047,1,47,1_47,829,1.87080636
20RITI20048,1,48,1_48,847,1.583056941
20RITI20049,1,49,1_49,865,2.161481856
20RITI20050,1,50,1_50,883,2.062181571
20RITI20051,1,51,1_51,901,1.128018424
20RITI20052,1,52,1_52,919,2.103837155
20RITI20053,1,53,1_53,937,0.602509792
20RITI20054,1,54,1_54,955,1.972800799
20RITI20055,1,55,1_55,973,1.589815723
20RITI20056,1,56,1_56,991,2.182642639
20RITI20057,1,57,1_57,1009,1.844910837
20RITI20058,1,58,1_58,1027,2.245235261
20RITI20059,1,59,1_59,1045,1.964469876
20RITI20060,1,60,1_60,1063,1.925066243
20RITI20061,1,61,1_61,1081,1.349122905
20RITI20062,1,62,1_62,1099,1.916954424
20RITI20063,1,63,1_63,1117,1.175529853
20RITI20064,1,64,1_64,1135,1.637095198
20RITI20065,1,65,1_65,1153,2.392935809
20RITI20066,1,66,1_66,1171,2.107434081
20RITI20067,1,67,1_67,1189,2.04191884
20RITI20068,1,68,1_68,1207,2.091902811
20RITI20069,1,69,1_69,1225,2.11554545
20RITI20070,1,70,1_70,1243,2.075916899
20RITI20071,1,71,1_71,1261,1.807986478
20RITI20072,1,72,1_72,1279,1.805960368
20RITI20073,1,73,1_73,1297,1.385142788
20RITI20074,1,74,1_74,1315,1.461698979
20RITI20075,1,75,1_75,1333,1.901423564
20RITI20076,1,76,1_76,1351,1.478361377
20RITI20077,1,77,1_77,1369,1.62043034
20RITI20078,1,78,1_78,1387,1.70418909
20RITI20079,1,79,1_79,1405,1.805731409
20RITI20080,1,80,1_80,1423,2.166884614
20RITI20081,1,81,1_81,1441,1.957264276
20RITI20082,1,82,1_82,1459,1.645415393
20RITI20083,1,83,1_83,1477,1.085913451
20RITI20084,1,84,1_84,1495,2.192319936
20RITI20085,1,85,1_85,1513,2.066914838
20RITI20086,1,86,1_86,1531,1.594091904
20RITI20087,1,87,1_87,1549,2.07051284
20RITI20088,1,88,1_88,1567,1.510558415
20RITI20089,1,89,1_89,1585,1.613905709
20RITI20090,1,90,1_90,1603,1.317146451
20RITI20091,1,91,1_91,1621,1.313773054
20RITI20092,1,92,1_92,1639,1.578101043
20RITI20093,1,93,1_93,1657,2.025257765
20RITI20094,1,94,1_94,1675,1.871253601
20RITI20095,1,95,1_95,1693,1.556487245
20RITI20096,1,96,1_96,1711,1.987202961
20RITI20097,1,97,1_97,1729,1.123524481
20RITI20098,1,98,1_98,1747,1.362178857
20RITI20099,1,99,1_99,1765,1.636643504
20RITI20100,1,100,1_100,1783,1.876665542
20RITI20101,2,1,2_1,2,1.684151989
20RITI20102,2,2,2_2,20,2.046646515
20RITI20103,2,3,2_3,38,2.041704014
20RITI20104,2,4,2_4,56,1.601749854
20RITI20105,2,5,2_5,74,1.829598495
20RITI20106,2,6,2_6,92,1.535774636
20RITI20107,2,7,2_7,110,1.604446844
20RITI20108,2,8,2_8,128,1.835457993
20RITI20109,2,9,2_9,146,1.721754241
20RITI20110,2,10,2_10,164,1.716350587
20RITI20111,2,11,2_11,182,2.135810449
20RITI20112,2,12,2_12,200,1.891522345
20RITI20113,2,13,2_13,218,1.502898741
20RITI20114,2,14,2_14,236,1.931815973
20RITI20115,2,15,2_15,254,2.044844417
20RITI20116,2,16,2_16,272,1.615938258
20RITI20117,2,17,2_17,290,1.598365086
20RITI20118,2,18,2_18,308,1.596801029
20RITI20119,2,19,2_19,326,1.323904865
20RITI20120,2,20,2_20,344,1.571575232
20RITI20121,2,21,2_21,362,1.343491749
20RITI20122,2,22,2_22,380,1.893094389
20RITI20123,2,23,2_23,398,1.271444434
20RITI20124,2,24,2_24,416,1.401362022
20RITI20125,2,25,2_25,434,1.306795282
20RITI20126,2,26,2_26,452,1.768813848
20RITI20127,2,27,2_27,470,1.361280156
20RITI20128,2,28,2_28,488,1.699686553
20RITI20129,2,29,2_29,506,1.462603891
20RITI20130,2,30,2_30,524,1.515512431
20RITI20131,2,31,2_31,542,1.529019326
20RITI20132,2,32,2_32,560,1.704641844
20RITI20133,2,33,2_33,578,1.338769044
20RITI20134,2,34,2_34,596,1.475206724
20RITI20135,2,35,2_35,614,1.572463652
20RITI20136,2,36,2_36,632,1.295310915
20RITI20137,2,37,2_37,650,1.510779169
20RITI20138,2,38,2_38,668,1.301844577
20RITI20139,2,39,2_39,686,1.016803504
20RITI20140,2,40,2_40,704,2.673702205
20RITI20141,2,41,2_41,722,1.314666574
20RITI20142,2,42,2_42,740,1.694287629
20RITI20143,2,43,2_43,758,1.276397626
20RITI20144,2,44,2_44,776,1.277077806
20RITI20145,2,45,2_45,794,1.489164505
20RITI20146,2,46,2_46,812,1.304312541
20RITI20147,2,47,2_47,830,1.264910053
20RITI20148,2,48,2_48,848,1.388519086
20RITI20149,2,49,2_49,866,1.403835183
20RITI20150,2,50,2_50,884,1.836807609
20RITI20151,2,51,2_51,902,1.369842061
20RITI20152,2,52,2_52,920,1.709148126
20RITI20153,2,53,2_53,938,1.368935305
20RITI20154,2,54,2_54,956,1.349795417
20RITI20155,2,55,2_55,974,1.7233213
20RITI20156,2,56,2_56,992,1.64767227
20RITI20157,2,57,2_57,1010,1.167646726
20RITI20158,2,58,2_58,1028,2.161478715
20RITI20159,2,59,2_59,1046,1.26581281
20RITI20160,2,60,2_60,1064,1.860901604
20RITI20161,2,61,2_61,1082,1.332004694
20RITI20162,2,62,2_62,1100,1.780067369
20RITI20163,2,63,2_63,1118,1.591841938
20RITI20164,2,64,2_64,1136,1.842885944
20RITI20165,2,65,2_65,1154,1.315801642
20RITI20166,2,66,2_66,1172,2.019623691
20RITI20167,2,67,2_67,1190,1.786366614
20RITI20168,2,68,2_68,1208,1.871029491
20RITI20169,2,69,2_69,1226,1.532847447
20RITI20170,2,70,2_70,1244,1.601739457
20RITI20171,2,71,2_71,1262,1.569993907
20RITI20172,2,72,2_72,1280,1.514383087
20RITI20173,2,73,2_73,1298,1.289230885
20RITI20174,2,74,2_74,1316,1.638217956
20RITI20175,2,75,2_75,1334,1.658018778
20RITI20176,2,76,2_76,1352,1.648583079
20RITI20177,2,77,2_77,1370,1.844461873
20RITI20178,2,78,2_78,1388,1.81676272
20RITI20179,2,79,2_79,1406,1.200521986
20RITI20180,2,80,2_80,1424,2.145260701
20RITI20181,2,81,2_81,1442,1.614801981
20RITI20182,2,82,2_82,1460,1.978878908
20RITI20183,2,83,2_83,1478,1.863597995
20RITI20184,2,84,2_84,1496,1.691805499
20RITI20185,2,85,2_85,1514,1.780510324
20RITI20186,2,86,2_86,1532,0.940015828
20RITI20187,2,87,2_87,1550,1.632138949
20RITI20188,2,88,2_88,1568,1.670189186
20RITI20189,2,89,2_89,1586,1.884993827
20RITI20190,2,90,2_90,1604,1.412836394
20RITI20191,2,91,2_91,1622,1.40699019
20RITI20192,2,92,2_92,1640,1.692486989
20RITI20193,2,93,2_93,1658,1.965148922
20RITI20194,2,94,2_94,1676,1.627180421
20RITI20195,2,95,2_95,1694,1.666363009
20RITI20196,2,96,2_96,1712,2.044400713
20RITI20197,2,97,2_97,1730,1.921465475
20RITI20198,2,98,2_98,1748,1.432428405
20RITI20199,2,99,2_99,1766,1.983158373
20RITI20200,2,100,2_100,1784,1.762728285
20RITI20201,3,1,3_1,3,1.632138325
20RITI20202,3,2,3_2,21,2.251993259
20RITI20203,3,3,3_3,39,2.342054366
20RITI20204,3,4,3_4,57,2.072994848
20RITI20205,3,5,3_5,75,2.104736572
20RITI20206,3,6,3_6,93,1.818789928
20RITI20207,3,7,3_7,111,2.125668915
20RITI20208,3,8,3_8,129,2.209886334
20RITI20209,3,9,3_9,147,1.875762047
20RITI20210,3,10,3_10,165,2.20740682
20RITI20211,3,11,3_11,183,1.989238707
20RITI20212,3,12,3_12,201,2.168003199
20RITI20213,3,13,3_13,219,1.956145189
20RITI20214,3,14,3_14,237,2.40441881
20RITI20215,3,15,3_15,255,2.080649542
20RITI20216,3,16,3_16,273,1.977526534
20RITI20217,3,17,3_17,291,1.839730862
20RITI20218,3,18,3_18,309,2.162604997
20RITI20219,3,19,3_19,327,1.836350031
20RITI20220,3,20,3_20,345,1.753048123
20RITI20221,3,21,3_21,363,2.285310956
20RITI20222,3,22,3_22,381,1.721078469
20RITI20223,3,23,3_23,399,1.242391712
20RITI20224,3,24,3_24,417,1.662764203
20RITI20225,3,25,3_25,435,1.835007786
20RITI20226,3,26,3_26,453,1.853699646
20RITI20227,3,27,3_27,471,2.107668245
20RITI20228,3,28,3_28,489,2.043267227
20RITI20229,3,29,3_29,507,1.372987049
20RITI20230,3,30,3_30,525,2.222713737
20RITI20231,3,31,3_31,543,1.712740824
20RITI20232,3,32,3_32,561,2.100914272
20RITI20233,3,33,3_33,579,1.889930882
20RITI20234,3,34,3_34,597,2.10743842
20RITI20235,3,35,3_35,615,1.922362188
20RITI20236,3,36,3_36,633,1.677620407
20RITI20237,3,37,3_37,651,1.471836253
20RITI20238,3,38,3_38,669,1.952530856
20RITI20239,3,39,3_39,687,1.824873709
20RITI20240,3,40,3_40,705,2.488626889
20RITI20241,3,41,3_41,723,1.82757541
20RITI20242,3,42,3_42,741,1.547478183
20RITI20243,3,43,3_43,759,1.51641187
20RITI20244,3,44,3_44,777,1.744719973
20RITI20245,3,45,3_45,795,1.76926619
20RITI20246,3,46,3_46,813,1.810011038
20RITI20247,3,47,3_47,831,1.203216138
20RITI20248,3,48,3_48,849,1.786140402
20RITI20249,3,49,3_49,867,2.03876914
20RITI20250,3,50,3_50,885,1.583738196
20RITI20251,3,51,3_51,903,1.896249846
20RITI20252,3,52,3_52,921,2.121624001
20RITI20253,3,53,3_53,939,2.250638267
20RITI20254,3,54,3_54,957,1.792223967
20RITI20255,3,55,3_55,975,2.186694345
20RITI20256,3,56,3_56,993,1.845582657
20RITI20257,3,57,3_57,1011,1.308147286
20RITI20258,3,58,3_58,1029,1.946452779
20RITI20259,3,59,3_59,1047,1.944878796
20RITI20260,3,60,3_60,1065,2.274730697
20RITI20261,3,61,3_61,1083,1.974153024
20RITI20262,3,62,3_62,1101,2.014226583
20RITI20263,3,63,3_63,1119,1.942401166
20RITI20264,3,64,3_64,1137,2.046421234
20RITI20265,3,65,3_65,1155,1.667937499
20RITI20266,3,66,3_66,1173,2.049796891
20RITI20267,3,67,3_67,1191,1.975722615
20RITI20268,3,68,3_68,1209,1.896248746
20RITI20269,3,69,3_69,1227,2.337098048
20RITI20270,3,70,3_70,1245,2.088533525
20RITI20271,3,71,3_71,1263,2.022783562
20RITI20272,3,72,3_72,1281,1.900750617
20RITI20273,3,73,3_73,1299,1.770831398
20RITI20274,3,74,3_74,1317,1.477234845
20RITI20275,3,75,3_75,1335,1.90322816
20RITI20276,3,76,3_76,1353,1.910657267
20RITI20277,3,77,3_77,1371,2.060830671
20RITI20278,3,78,3_78,1389,2.071189697
20RITI20279,3,79,3_79,1407,1.967157047
20RITI20280,3,80,3_80,1425,2.349026436
20RITI20281,3,81,3_81,1443,2.208983325
20RITI20282,3,82,3_82,1461,1.854592225
20RITI20283,3,83,3_83,1479,1.661401515
20RITI20284,3,84,3_84,1497,2.296126314
20RITI20285,3,85,3_85,1515,2.150443105
20RITI20286,3,86,3_86,1533,1.932713529
20RITI20287,3,87,3_87,1551,2.007469324
20RITI20288,3,88,3_88,1569,1.060024098
20RITI20289,3,89,3_89,1587,2.098882735
20RITI20290,3,90,3_90,1605,2.3053487
20RITI20291,3,91,3_91,1623,1.956357802
20RITI20292,3,92,3_92,1641,1.681223253
20RITI20293,3,93,3_93,1659,2.140087439
20RITI20294,3,94,3_94,1677,1.907731919
20RITI20295,3,95,3_95,1695,2.156966491
20RITI20296,3,96,3_96,1713,2.556172738
20RITI20297,3,97,3_97,1731,1.737511758
20RITI20298,3,98,3_98,1749,2.04529108
20RITI20299,3,99,3_99,1767,2.329893308
20RITI20300,3,100,3_100,1785,1.770609158
20RITI20301,4,1,4_1,4,1.598140173
20RITI20302,4,2,4_2,22,1.719047865
20RITI20303,4,3,4_3,40,1.764986124
20RITI20304,4,4,4_4,58,1.805510785
20RITI20305,4,5,4_5,76,1.748548601
20RITI20306,4,6,4_6,94,1.672213375
20RITI20307,4,7,4_7,112,1.69090896
20RITI20308,4,8,4_8,130,2.180841279
20RITI20309,4,9,4_9,148,1.875759635
20RITI20310,4,10,4_10,166,1.786817634
20RITI20311,4,11,4_11,184,1.778722926
20RITI20312,4,12,4_12,202,1.678965052
20RITI20313,4,13,4_13,220,1.782771879
20RITI20314,4,14,4_14,238,1.58666281
20RITI20315,4,15,4_15,256,1.881381767
20RITI20316,4,16,4_16,274,1.777591734
20RITI20317,4,17,4_17,292,1.749667028
20RITI20318,4,18,4_18,310,1.510556546
20RITI20319,4,19,4_19,328,1.69811357
20RITI20320,4,20,4_20,346,1.571570534
20RITI20321,4,21,4_21,364,1.688874684
20RITI20322,4,22,4_22,382,1.643166263
20RITI20323,4,23,4_23,400,1.409466297
20RITI20324,4,24,4_24,418,1.375916725
20RITI20325,4,25,4_25,436,1.704863782
20RITI20326,4,26,4_26,454,1.602643853
20RITI20327,4,27,4_27,472,1.72062787
20RITI20328,4,28,4_28,490,1.934521324
20RITI20329,4,29,4_29,508,1.033903498
20RITI20330,4,30,4_30,526,1.608272871
20RITI20331,4,31,4_31,544,1.485565495
20RITI20332,4,32,4_32,562,1.84469175
20RITI20333,4,33,4_33,580,1.804163282
20RITI20334,4,34,4_34,598,1.611429207
20RITI20335,4,35,4_35,616,1.281803019
20RITI20336,4,36,4_36,634,1.64609733
20RITI20337,4,37,4_37,652,1.70305991
20RITI20338,4,38,4_38,670,1.662307642
20RITI20339,4,39,4_39,688,1.351594968
20RITI20340,4,40,4_40,706,1.830045265
20RITI20341,4,41,4_41,724,1.597471917
20RITI20342,4,42,4_42,742,1.732109205
20RITI20343,4,43,4_43,760,1.458773229
20RITI20344,4,44,4_44,778,1.459448531
20RITI20345,4,45,4_45,796,1.939919815
20RITI20346,4,46,4_46,814,1.61052987
20RITI20347,4,47,4_47,832,1.860895674
20RITI20348,4,48,4_48,850,1.731202818
20RITI20349,4,49,4_49,868,1.723560592
20RITI20350,4,50,4_50,886,1.543657707
20RITI20351,4,51,4_51,904,1.59499076
20RITI20352,4,52,4_52,922,1.93497234
20RITI20353,4,53,4_53,940,1.511233153
20RITI20354,4,54,4_54,958,1.590260345
20RITI20355,4,55,4_55,976,1.558745681
20RITI20356,4,56,4_56,994,1.516413824
20RITI20357,4,57,4_57,1012,1.840409889
20RITI20358,4,58,4_58,1030,1.896691841
20RITI20359,4,59,4_59,1048,1.747643802
20RITI20360,4,60,4_60,1066,1.506277326
20RITI20361,4,61,4_61,1084,1.873733238
20RITI20362,4,62,4_62,1102,1.335387629
20RITI20363,4,63,4_63,1120,1.784789637
20RITI20364,4,64,4_64,1138,1.67784589
20RITI20365,4,65,4_65,1156,1.788169997
20RITI20366,4,66,4_66,1174,1.774892909
20RITI20367,4,67,4_67,1192,1.667489394
20RITI20368,4,68,4_68,1210,1.555811302
20RITI20369,4,69,4_69,1228,1.690229734
20RITI20370,4,70,4_70,1246,2.020302351
20RITI20371,4,71,4_71,1264,1.843333918
20RITI20372,4,72,4_72,1282,1.912454284
20RITI20373,4,73,4_73,1300,1.986085871
20RITI20374,4,74,4_74,1318,1.569319992
20RITI20375,4,75,4_75,1336,2.04259731
20RITI20376,4,76,4_76,1354,1.799197123
20RITI20377,4,77,4_77,1372,1.82172236
20RITI20378,4,78,4_78,1390,2.069612114
20RITI20379,4,79,4_79,1408,1.949384759
20RITI20380,4,80,4_80,1426,1.785020351
20RITI20381,4,81,4_81,1444,1.923032485
20RITI20382,4,82,4_82,1462,1.734586153
20RITI20383,4,83,4_83,1480,1.615476649
20RITI20384,4,84,4_84,1498,2.004768155
20RITI20385,4,85,4_85,1516,1.796497271
20RITI20386,4,86,4_86,1534,1.781410345
20RITI20387,4,87,4_87,1552,1.761370203
20RITI20388,4,88,4_88,1570,1.513713806
20RITI20389,4,89,4_89,1588,1.842880352
20RITI20390,4,90,4_90,1606,1.819241696
20RITI20391,4,91,4_91,1624,2.032912419
20RITI20392,4,92,4_92,1642,1.736607135
20RITI20393,4,93,4_93,1660,1.961090727
20RITI20394,4,94,4_94,1678,1.96829494
20RITI20395,4,95,4_95,1696,1.549279483
20RITI20396,4,96,4_96,1714,2.019404481
20RITI20397,4,97,4_97,1732,1.691805411
20RITI20398,4,98,4_98,1750,2.078621184
20RITI20399,4,99,4_99,1768,2.089650802
20RITI20400,4,100,4_100,1786,1.860670205
20RITI20401,5,1,5_1,5,1.860897711
20RITI20402,5,2,5_2,23,1.921466181
20RITI20403,5,3,5_3,41,2.111716025
20RITI20404,5,4,5_4,59,2.014903762
20RITI20405,5,5,5_5,77,1.991258953
20RITI20406,5,6,5_6,95,2.124100334
20RITI20407,5,7,5_7,113,1.946677458
20RITI20408,5,8,5_8,131,2.301749892
20RITI20409,5,9,5_9,149,2.091224659
20RITI20410,5,10,5_10,167,2.212590136
20RITI20411,5,11,5_11,185,2.078173097
20RITI20412,5,12,5_12,203,2.209666186
20RITI20413,5,13,5_13,221,1.892870929
20RITI20414,5,14,5_14,239,2.109468824
20RITI20415,5,15,5_15,257,2.231276435
20RITI20416,5,16,5_16,275,1.897595523
20RITI20417,5,17,5_17,293,2.195032046
20RITI20418,5,18,5_18,311,2.217764805
20RITI20419,5,19,5_19,329,2.232398679
20RITI20420,5,20,5_20,347,2.149771403
20RITI20421,5,21,5_21,365,1.91470996
20RITI20422,5,22,5_22,383,1.808659962
20RITI20423,5,23,5_23,401,1.695630281
20RITI20424,5,24,5_24,419,2.044848794
20RITI20425,5,25,5_25,437,1.9802302
20RITI20426,5,26,5_26,455,2.000486747
20RITI20427,5,27,5_27,473,2.147742981
20RITI20428,5,28,5_28,491,1.953209561
20RITI20429,5,29,5_29,509,2.021431351
20RITI20430,5,30,5_30,527,2.008599998
20RITI20431,5,31,5_31,545,1.957481371
20RITI20432,5,32,5_32,563,2.175216857
20RITI20433,5,33,5_33,581,2.235324044
20RITI20434,5,34,5_34,599,1.966044142
20RITI20435,5,35,5_35,617,1.83455347
20RITI20436,5,36,5_36,635,2.153374177
20RITI20437,5,37,5_37,653,2.130177556
20RITI20438,5,38,5_38,671,2.187818461
20RITI20439,5,39,5_39,689,1.929116775
20RITI20440,5,40,5_40,707,1.734811911
20RITI20441,5,41,5_41,725,1.906836525
20RITI20442,5,42,5_42,743,1.853699131
20RITI20443,5,43,5_43,761,1.991706895
20RITI20444,5,44,5_44,779,2.180165265
20RITI20445,5,45,5_45,797,2.214160267
20RITI20446,5,46,5_46,815,2.075240477
20RITI20447,5,47,5_47,833,2.175668472
20RITI20448,5,48,5_48,851,2.017829591
20RITI20449,5,49,5_49,869,2.093031492
20RITI20450,5,50,5_50,887,2.044398133
20RITI20451,5,51,5_51,905,2.013102348
20RITI20452,5,52,5_52,923,2.162602535
20RITI20453,5,53,5_53,941,1.986990209
20RITI20454,5,54,5_54,959,1.889042063
20RITI20455,5,55,5_55,977,2.044630929
20RITI20456,5,56,5_56,995,2.170034042
20RITI20457,5,57,5_57,1013,2.268423333
20RITI20458,5,58,5_58,1031,2.145266613
20RITI20459,5,59,5_59,1049,1.969193089
20RITI20460,5,60,5_60,1067,2.211015218
20RITI20461,5,61,5_61,1085,1.905697248
20RITI20462,5,62,5_62,1103,1.867873027
20RITI20463,5,63,5_63,1121,1.854368826
20RITI20464,5,64,5_64,1139,2.174757876
20RITI20465,5,65,5_65,1157,2.134011004
20RITI20466,5,66,5_66,1175,2.244112971
20RITI20467,5,67,5_67,1193,2.193672452
20RITI20468,5,68,5_68,1211,2.148639045
20RITI20469,5,69,5_69,1229,2.032919277
20RITI20470,5,70,5_70,1247,2.094837733
20RITI20471,5,71,5_71,1265,1.739987625
20RITI20472,5,72,5_72,1283,2.267747936
20RITI20473,5,73,5_73,1301,1.982261764
20RITI20474,5,74,5_74,1319,2.063766565
20RITI20475,5,75,5_75,1337,2.165755789
20RITI20476,5,76,5_76,1355,1.983825191
20RITI20477,5,77,5_77,1373,2.196149138
20RITI20478,5,78,5_78,1391,2.204029573
20RITI20479,5,79,5_79,1409,1.926874183
20RITI20480,5,80,5_80,1427,2.180391236
20RITI20481,5,81,5_81,1445,1.960632272
20RITI20482,5,82,5_82,1463,2.252662857
20RITI20483,5,83,5_83,1481,1.932950657
20RITI20484,5,84,5_84,1499,2.319084199
20RITI20485,5,85,5_85,1517,1.620435322
20RITI20486,5,86,5_86,1535,2.42895692
20RITI20487,5,87,5_87,1553,2.079073002
20RITI20488,5,88,5_88,1571,2.329440775
20RITI20489,5,89,5_89,1589,1.855260819
20RITI20490,5,90,5_90,1607,2.208086508
20RITI20491,5,91,5_91,1625,2.182417069
20RITI20492,5,92,5_92,1643,2.092801442
20RITI20493,5,93,5_93,1661,1.410589461
20RITI20494,5,94,5_94,1679,2.632273483
20RITI20495,5,95,5_95,1697,1.994191805
20RITI20496,5,96,5_96,1715,2.206504011
20RITI20497,5,97,5_97,1733,2.195253174
20RITI20498,5,98,5_98,1751,2.316599247
20RITI20499,5,99,5_99,1769,2.160799624
20RITI20500,5,100,5_100,1787,2.338901705
20RITI20501,6,1,6_1,6,1.880708179
20RITI20502,6,2,6_2,24,1.643401548
20RITI20503,6,3,6_3,42,1.574728729
20RITI20504,6,4,6_4,60,1.620205154
20RITI20505,6,5,6_5,78,1.701939027
20RITI20506,6,6,6_6,96,1.630563137
20RITI20507,6,7,6_7,114,1.362182402
20RITI20508,6,8,6_8,132,1.960862598
20RITI20509,6,9,6_9,150,1.848062816
20RITI20510,6,10,6_10,168,1.909986748
20RITI20511,6,11,6_11,186,1.981353683
20RITI20512,6,12,6_12,204,1.491872345
20RITI20513,6,13,6_13,222,1.660960385
20RITI20514,6,14,6_14,240,1.858190797
20RITI20515,6,15,6_15,258,1.764297471
20RITI20516,6,16,6_16,276,1.815422484
20RITI20517,6,17,6_17,294,1.52316756
20RITI20518,6,18,6_18,312,1.660737555
20RITI20519,6,19,6_19,330,1.807091193
20RITI20520,6,20,6_20,348,1.83725047
20RITI20521,6,21,6_21,366,1.498849046
20RITI20522,6,22,6_22,384,1.889267212
20RITI20523,6,23,6_23,402,1.652403202
20RITI20524,6,24,6_24,420,1.562352399
20RITI20525,6,25,6_25,438,1.23970353
20RITI20526,6,26,6_26,456,1.795157126
20RITI20527,6,27,6_27,474,1.403833124
20RITI20528,6,28,6_28,492,1.558962446
20RITI20529,6,29,6_29,510,1.302513519
20RITI20530,6,30,6_30,528,1.469583141
20RITI20531,6,31,6_31,546,1.802128507
20RITI20532,6,32,6_32,564,1.612546853
20RITI20533,6,33,6_33,582,1.980001212
20RITI20534,6,34,6_34,600,1.517084068
20RITI20535,6,35,6_35,618,1.196238342
20RITI20536,6,36,6_36,636,1.882059204
20RITI20537,6,37,6_37,654,1.721302399
20RITI20538,6,38,6_38,672,1.523611069
20RITI20539,6,39,6_39,690,1.626292242
20RITI20540,6,40,6_40,708,1.572929514
20RITI20541,6,41,6_41,726,1.599495578
20RITI20542,6,42,6_42,744,1.988112098
20RITI20543,6,43,6_43,762,1.517085695
20RITI20544,6,44,6_44,780,2.093256655
20RITI20545,6,45,6_45,798,1.597913597
20RITI20546,6,46,6_46,816,1.457871844
20RITI20547,6,47,6_47,834,1.736837304
20RITI20548,6,48,6_48,852,1.880710913
20RITI20549,6,49,6_49,870,1.624255153
20RITI20550,6,50,6_50,888,1.855268023
20RITI20551,6,51,6_51,906,1.530144469
20RITI20552,6,52,6_52,924,1.673342144
20RITI20553,6,53,6_53,942,2.011740017
20RITI20554,6,54,6_54,960,1.810012847
20RITI20555,6,55,6_55,978,1.407882425
20RITI20556,6,56,6_56,996,1.613224131
20RITI20557,6,57,6_57,1014,1.625387115
20RITI20558,6,58,6_58,1032,1.950053048
20RITI20559,6,59,6_59,1050,2.331691522
20RITI20560,6,60,6_60,1068,1.654664305
20RITI20561,6,61,6_61,1086,1.404740794
20RITI20562,6,62,6_62,1104,1.43738494
20RITI20563,6,63,6_63,1122,1.894443988
20RITI20564,6,64,6_64,1140,1.932495452
20RITI20565,6,65,6_65,1158,1.905019959
20RITI20566,6,66,6_66,1176,2.086725511
20RITI20567,6,67,6_67,1194,1.835675101
20RITI20568,6,68,6_68,1212,1.732328623
20RITI20569,6,69,6_69,1230,1.669066064
20RITI20570,6,70,6_70,1248,1.477455999
20RITI20571,6,71,6_71,1266,1.623353964
20RITI20572,6,72,6_72,1284,1.988116469
20RITI20573,6,73,6_73,1302,1.924842023
20RITI20574,6,74,6_74,1320,1.475206971
20RITI20575,6,75,6_75,1338,1.681684361
20RITI20576,6,76,6_76,1356,1.950955463
20RITI20577,6,77,6_77,1374,1.66884351
20RITI20578,6,78,6_78,1392,2.281261453
20RITI20579,6,79,6_79,1410,1.728960727
20RITI20580,6,80,6_80,1428,1.729856144
20RITI20581,6,81,6_81,1446,2.168906107
20RITI20582,6,82,6_82,1464,1.858871224
20RITI20583,6,83,6_83,1482,1.678067965
20RITI20584,6,84,6_84,1500,1.777583586
20RITI20585,6,85,6_85,1518,1.201423706
20RITI20586,6,86,6_86,1536,1.244653717
20RITI20587,6,87,6_87,1554,0.919519108
20RITI20588,6,88,6_88,1572,1.293057156
20RITI20589,6,89,6_89,1590,1.304312386
20RITI20590,6,90,6_90,1608,1.783889192
20RITI20591,6,91,6_91,1626,1.64361587
20RITI20592,6,92,6_92,1644,2.047771783
20RITI20593,6,93,6_93,1662,1.765428136
20RITI20594,6,94,6_94,1680,2.096408554
20RITI20595,6,95,6_95,1698,2.100913371
20RITI20596,6,96,6_96,1716,1.916064553
20RITI20597,6,97,6_97,1734,1.846483596
20RITI20598,6,98,6_98,1752,1.628983972
20RITI20599,6,99,6_99,1770,1.36646371
20RITI20600,6,100,6_100,1788,1.780520297
20RITI20601,7,1,7_1,7,1.927315658
20RITI20602,7,2,7_2,25,1.757091184
20RITI20603,7,3,7_3,43,1.989232687
20RITI20604,7,4,7_4,61,2.132653381
20RITI20605,7,5,7_5,79,1.937452068
20RITI20606,7,6,7_6,97,1.951857406
20RITI20607,7,7,7_7,115,2.250635536
20RITI20608,7,8,7_8,133,2.278104516
20RITI20609,7,9,7_9,151,2.252218291
20RITI20610,7,10,7_10,169,2.30174687
20RITI20611,7,11,7_11,187,2.12927741
20RITI20612,7,12,7_12,205,1.990583874
20RITI20613,7,13,7_13,223,1.944202436
20RITI20614,7,14,7_14,241,2.055885492
20RITI20615,7,15,7_15,259,2.083798248
20RITI20616,7,16,7_16,277,1.619535539
20RITI20617,7,17,7_17,295,1.947351461
20RITI20618,7,18,7_18,313,1.976625722
20RITI20619,7,19,7_19,331,1.969643939
20RITI20620,7,20,7_20,349,1.930917357
20RITI20621,7,21,7_21,367,1.976398908
20RITI20622,7,22,7_22,385,1.752372793
20RITI20623,7,23,7_23,403,1.884987822
20RITI20624,7,24,7_24,421,1.948703823
20RITI20625,7,25,7_25,439,1.846710758
20RITI20626,7,26,7_26,457,2.226551189
20RITI20627,7,27,7_27,475,2.07321794
20RITI20628,7,28,7_28,493,1.44593475
20RITI20629,7,29,7_29,511,1.839956203
20RITI20630,7,30,7_30,529,2.043945651
20RITI20631,7,31,7_31,547,2.065336909
20RITI20632,7,32,7_32,565,2.477146688
20RITI20633,7,33,7_33,583,2.114196947
20RITI20634,7,34,7_34,601,1.809116302
20RITI20635,7,35,7_35,619,1.660286978
20RITI20636,7,36,7_36,637,1.880038119
20RITI20637,7,37,7_37,655,2.365919637
20RITI20638,7,38,7_38,673,1.916747628
20RITI20639,7,39,7_39,691,2.061956872
20RITI20640,7,40,7_40,709,1.869902422
20RITI20641,7,41,7_41,727,2.099335236
20RITI20642,7,42,7_42,745,2.266849314
20RITI20643,7,43,7_43,763,1.871696137
20RITI20644,7,44,7_44,781,1.974826023
20RITI20645,7,45,7_45,799,2.079970539
20RITI20646,7,46,7_46,817,1.972571443
20RITI20647,7,47,7_47,835,2.070515437
20RITI20648,7,48,7_48,853,1.916287854
20RITI20649,7,49,7_49,871,2.11892907
20RITI20650,7,50,7_50,889,2.053631224
20RITI20651,7,51,7_51,907,2.03223297
20RITI20652,7,52,7_52,925,2.146615813
20RITI20653,7,53,7_53,943,1.800778246
20RITI20654,7,54,7_54,961,1.846712455
20RITI20655,7,55,7_55,979,1.872152974
20RITI20656,7,56,7_56,997,1.984059992
20RITI20657,7,57,7_57,1015,1.748757988
20RITI20658,7,58,7_58,1033,2.071418379
20RITI20659,7,59,7_59,1051,2.112167852
20RITI20660,7,60,7_60,1069,1.957946772
20RITI20661,7,61,7_61,1087,1.709369315
20RITI20662,7,62,7_62,1105,2.146392991
20RITI20663,7,63,7_63,1123,2.085149598
20RITI20664,7,64,7_64,1141,2.326058275
20RITI20665,7,65,7_65,1159,2.149316986
20RITI20666,7,66,7_66,1177,2.476688162
20RITI20667,7,67,7_67,1195,2.018501953
20RITI20668,7,68,7_68,1213,2.12184516
20RITI20669,7,69,7_69,1231,2.199526646
20RITI20670,7,70,7_70,1249,1.916285617
20RITI20671,7,71,7_71,1267,1.960407394
20RITI20672,7,72,7_72,1285,2.20447815
20RITI20673,7,73,7_73,1303,1.848963586
20RITI20674,7,74,7_74,1321,1.84919189
20RITI20675,7,75,7_75,1339,2.190969099
20RITI20676,7,76,7_76,1357,2.161925941
20RITI20677,7,77,7_77,1375,2.088976066
20RITI20678,7,78,7_78,1393,2.022326963
20RITI20679,7,79,7_79,1411,1.661634713
20RITI20680,7,80,7_80,1429,2.159671333
20RITI20681,7,81,7_81,1447,2.175886635
20RITI20682,7,82,7_82,1465,1.970091885
20RITI20683,7,83,7_83,1483,1.726026632
20RITI20684,7,84,7_84,1501,2.138510107
20RITI20685,7,85,7_85,1519,2.061509959
20RITI20686,7,86,7_86,1537,1.422292264
20RITI20687,7,87,7_87,1555,2.222717542
20RITI20688,7,88,7_88,1573,2.316825597
20RITI20689,7,89,7_89,1591,1.794470405
20RITI20690,7,90,7_90,1609,2.082894681
20RITI20691,7,91,7_91,1627,2.217084227
20RITI20692,7,92,7_92,1645,2.266175025
20RITI20693,7,93,7_93,1663,1.916283672
20RITI20694,7,94,7_94,1681,2.402610558
20RITI20695,7,95,7_95,1699,2.365468879
20RITI20696,7,96,7_96,1717,2.15404997
20RITI20697,7,97,7_97,1735,2.017829393
20RITI20698,7,98,7_98,1753,2.227671296
20RITI20699,7,99,7_99,1771,1.932720043
20RITI20700,7,100,7_100,1789,2.254016484
20RITI20701,8,1,8_1,8,2.164630624
20RITI20702,8,2,8_2,26,1.637539661
20RITI20703,8,3,8_3,44,1.528347173
20RITI20704,8,4,8_4,62,1.707115044
20RITI20705,8,5,8_5,80,1.551762897
20RITI20706,8,6,8_6,98,1.93226514
20RITI20707,8,7,8_7,116,1.942630549
20RITI20708,8,8,8_8,134,1.796055
20RITI20709,8,9,8_9,152,1.874864195
20RITI20710,8,10,8_10,170,2.011974378
20RITI20711,8,11,8_11,188,1.853014202
20RITI20712,8,12,8_12,206,1.774666253
20RITI20713,8,13,8_13,224,1.730077191
20RITI20714,8,14,8_14,242,1.732331515
20RITI20715,8,15,8_15,260,1.845136505
20RITI20716,8,16,8_16,278,1.736614987
20RITI20717,8,17,8_17,296,1.73751072
20RITI20718,8,18,8_18,314,1.494797721
20RITI20719,8,19,8_19,332,1.599047621
20RITI20720,8,20,8_20,350,1.844916226
20RITI20721,8,21,8_21,368,1.554468819
20RITI20722,8,22,8_22,386,1.599041672
20RITI20723,8,23,8_23,404,1.83275527
20RITI20724,8,24,8_24,422,1.415090248
20RITI20725,8,25,8_25,440,1.49772189
20RITI20726,8,26,8_26,458,2.028410795
20RITI20727,8,27,8_27,476,1.792906228
20RITI20728,8,28,8_28,494,1.886568046
20RITI20729,8,29,8_29,512,1.616152672
20RITI20730,8,30,8_30,530,1.721074946
20RITI20731,8,31,8_31,548,1.622231854
20RITI20732,8,32,8_32,566,2.108337382
20RITI20733,8,33,8_33,584,2.158775362
20RITI20734,8,34,8_34,602,1.836124325
20RITI20735,8,35,8_35,620,1.823519386
20RITI20736,8,36,8_36,638,1.746969588
20RITI20737,8,37,8_37,656,1.542080453
20RITI20738,8,38,8_38,674,1.675369485
20RITI20739,8,39,8_39,692,1.626966333
20RITI20740,8,40,8_40,710,1.993739476
20RITI20741,8,41,8_41,728,1.606243784
20RITI20742,8,42,8_42,746,2.024807846
20RITI20743,8,43,8_43,764,1.823293953
20RITI20744,8,44,8_44,782,1.454489345
20RITI20745,8,45,8_45,800,1.334255404
20RITI20746,8,46,8_46,818,1.571351205
20RITI20747,8,47,8_47,836,1.717249169
20RITI20748,8,48,8_48,854,1.771501048
20RITI20749,8,49,8_49,872,1.497499086
20RITI20750,8,50,8_50,890,1.754845651
20RITI20751,8,51,8_51,908,1.741116109
20RITI20752,8,52,8_52,926,1.790647255
20RITI20753,8,53,8_53,944,1.794700729
20RITI20754,8,54,8_54,962,1.64204116
20RITI20755,8,55,8_55,980,1.936772635
20RITI20756,8,56,8_56,998,1.76836547
20RITI20757,8,57,8_57,1016,1.583731829
20RITI20758,8,58,8_58,1034,1.430398705
20RITI20759,8,59,8_59,1052,1.863372123
20RITI20760,8,60,8_60,1070,1.75754646
20RITI20761,8,61,8_61,1088,1.443688908
20RITI20762,8,62,8_62,1106,1.792447195
20RITI20763,8,63,8_63,1124,1.726257491
20RITI20764,8,64,8_64,1142,1.949157496
20RITI20765,8,65,8_65,1160,1.438279637
20RITI20766,8,66,8_66,1178,1.5468064
20RITI20767,8,67,8_67,1196,1.743813153
20RITI20768,8,68,8_68,1214,1.8978184
20RITI20769,8,69,8_69,1232,1.83928123
20RITI20770,8,70,8_70,1250,1.744717614
20RITI20771,8,71,8_71,1268,1.89061699
20RITI20772,8,72,8_72,1286,2.143685995
20RITI20773,8,73,8_73,1304,1.699012756
20RITI20774,8,74,8_74,1322,1.842211679
20RITI20775,8,75,8_75,1340,1.72063244
20RITI20776,8,76,8_76,1358,1.683700856
20RITI20777,8,77,8_77,1376,1.81024073
20RITI20778,8,78,8_78,1394,1.825776538
20RITI20779,8,79,8_79,1412,1.739087048
20RITI20780,8,80,8_80,1430,2.025032204
20RITI20781,8,81,8_81,1448,1.442563454
20RITI20782,8,82,8_82,1466,1.536001734
20RITI20783,8,83,8_83,1484,1.444593032
20RITI20784,8,84,8_84,1502,1.830277505
20RITI20785,8,85,8_85,1520,1.424102068
20RITI20786,8,86,8_86,1538,1.901869445
20RITI20787,8,87,8_87,1556,1.864274204
20RITI20788,8,88,8_88,1574,2.02007814
20RITI20789,8,89,8_89,1592,1.646994891
20RITI20790,8,90,8_90,1610,1.85324066
20RITI20791,8,91,8_91,1628,1.398880854
20RITI20792,8,92,8_92,1646,1.964691924
20RITI20793,8,93,8_93,1664,1.587560102
20RITI20794,8,94,8_94,1682,1.962210085
20RITI20795,8,95,8_95,1700,1.42859913
20RITI20796,8,96,8_96,1718,2.070746325
20RITI20797,8,97,8_97,1736,1.721298239
20RITI20798,8,98,8_98,1754,1.825554247
20RITI20799,8,99,8_99,1772,2.00972545
20RITI20800,8,100,8_100,1790,2.303771261
20RITI20801,9,1,9_1,9,1.839730142
20RITI20802,9,2,9_2,27,1.945554998
20RITI20803,9,3,9_3,45,2.095513531
20RITI20804,9,4,9_4,63,1.984957362
20RITI20805,9,5,9_5,81,2.037194008
20RITI20806,9,6,9_6,99,2.221819926
20RITI20807,9,7,9_7,117,2.065792031
20RITI20808,9,8,9_8,135,2.152924094
20RITI20809,9,9,9_9,153,2.16936313
20RITI20810,9,10,9_10,171,2.225195397
20RITI20811,9,11,9_11,189,2.154275255
20RITI20812,9,12,9_12,207,1.956365794
20RITI20813,9,13,9_13,225,1.961088134
20RITI20814,9,14,9_14,243,1.759803898
20RITI20815,9,15,9_15,261,1.946453143
20RITI20816,9,16,9_16,279,2.16643426
20RITI20817,9,17,9_17,297,1.903230549
20RITI20818,9,18,9_18,315,2.128379541
20RITI20819,9,19,9_19,333,1.760035866
20RITI20820,9,20,9_20,351,1.856398291
20RITI20821,9,21,9_21,369,1.934067213
20RITI20822,9,22,9_22,387,1.960186191
20RITI20823,9,23,9_23,405,2.097758809
20RITI20824,9,24,9_24,423,2.110374592
20RITI20825,9,25,9_25,441,1.852572029
20RITI20826,9,26,9_26,459,1.932497569
20RITI20827,9,27,9_27,477,1.745392984
20RITI20828,9,28,9_28,495,2.143688658
20RITI20829,9,29,9_29,513,2.190294726
20RITI20830,9,30,9_30,531,2.115094508
20RITI20831,9,31,9_31,549,2.080864323
20RITI20832,9,32,9_32,567,2.161479722
20RITI20833,9,33,9_33,585,2.340699742
20RITI20834,9,34,9_34,603,2.112842211
20RITI20835,9,35,9_35,621,2.109020376
20RITI20836,9,36,9_36,639,2.17363619
20RITI20837,9,37,9_37,657,1.965815248
20RITI20838,9,38,9_38,675,2.142564362
20RITI20839,9,39,9_39,693,1.845132608
20RITI20840,9,40,9_40,711,1.898047188
20RITI20841,9,41,9_41,729,1.673577073
20RITI20842,9,42,9_42,747,1.860003309
20RITI20843,9,43,9_43,765,1.947133952
20RITI20844,9,44,9_44,783,2.143691426
20RITI20845,9,45,9_45,801,1.382445729
20RITI20846,9,46,9_46,819,1.946227746
20RITI20847,9,47,9_47,837,2.144591191
20RITI20848,9,48,9_48,855,1.829598518
20RITI20849,9,49,9_49,873,2.113748786
20RITI20850,9,50,9_50,891,1.979106708
20RITI20851,9,51,9_51,909,2.102261608
20RITI20852,9,52,9_52,927,1.916271852
20RITI20853,9,53,9_53,945,2.005899326
20RITI20854,9,54,9_54,963,2.119144985
20RITI20855,9,55,9_55,981,2.204929535
20RITI20856,9,56,9_56,999,2.285534181
20RITI20857,9,57,9_57,1017,1.907958477
20RITI20858,9,58,9_58,1035,2.1864701
20RITI20859,9,59,9_59,1053,2.136479593
20RITI20860,9,60,9_60,1071,1.676493868
20RITI20861,9,61,9_61,1089,1.325253879
20RITI20862,9,62,9_62,1107,2.048229486
20RITI20863,9,63,9_63,1125,2.22609879
20RITI20864,9,64,9_64,1143,2.117802637
20RITI20865,9,65,9_65,1161,1.881379839
20RITI20866,9,66,9_66,1179,2.084921507
20RITI20867,9,67,9_67,1197,2.344748312
20RITI20868,9,68,9_68,1215,2.362983859
20RITI20869,9,69,9_69,1233,1.981348991
20RITI20870,9,70,9_70,1251,1.922814309
20RITI20871,9,71,9_71,1269,1.822848078
20RITI20872,9,72,9_72,1287,2.288910683
20RITI20873,9,73,9_73,1305,2.085372054
20RITI20874,9,74,9_74,1323,1.508301823
20RITI20875,9,75,9_75,1341,1.923032154
20RITI20876,9,76,9_76,1359,2.078174061
20RITI20877,9,77,9_77,1377,2.079077225
20RITI20878,9,78,9_78,1395,2.235997406
20RITI20879,9,79,9_79,1413,2.076593381
20RITI20880,9,80,9_80,1431,2.551447658
20RITI20881,9,81,9_81,1449,2.244781143
20RITI20882,9,82,9_82,1467,2.315259472
20RITI20883,9,83,9_83,1485,2.423777515
20RITI20884,9,84,9_84,1503,2.289135748
20RITI20885,9,85,9_85,1521,2.024128866
20RITI20886,9,86,9_86,1539,1.879131378
20RITI20887,9,87,9_87,1557,1.837250612
20RITI20888,9,88,9_88,1575,1.972350629
20RITI20889,9,89,9_89,1593,2.020978519
20RITI20890,9,90,9_90,1611,2.106984084
20RITI20891,9,91,9_91,1629,1.974598099
20RITI20892,9,92,9_92,1647,2.351736717
20RITI20893,9,93,9_93,1665,2.424455901
20RITI20894,9,94,9_94,1683,2.596023892
20RITI20895,9,95,9_95,1701,2.25716939
20RITI20896,9,96,9_96,1719,2.195023201
20RITI20897,9,97,9_97,1737,2.370877646
20RITI20898,9,98,9_98,1755,2.10000802
20RITI20899,9,99,9_99,1773,2.139190788
20RITI20900,9,100,9_100,1791,2.448991908
20RITI20901,10,1,10_1,10,1.78434675
20RITI20902,10,2,10_2,28,1.887475341
20RITI20903,10,3,10_3,46,1.903901175
20RITI20904,10,4,10_4,64,1.847159961
20RITI20905,10,5,10_5,82,1.866974094
20RITI20906,10,6,10_6,100,1.822621698
20RITI20907,10,7,10_7,118,1.628539901
20RITI20908,10,8,10_8,136,1.875530382
20RITI20909,10,9,10_9,154,1.737510445
20RITI20910,10,10,10_10,172,1.810689214
20RITI20911,10,11,10_11,190,1.730534235
20RITI20912,10,12,10_12,208,2.010852816
20RITI20913,10,13,10_13,226,1.746745169
20RITI20914,10,14,10_14,244,1.794244851
20RITI20915,10,15,10_15,262,1.769259566
20RITI20916,10,16,10_16,280,1.681679111
20RITI20917,10,17,10_17,298,1.439857946
20RITI20918,10,18,10_18,316,1.518442016
20RITI20919,10,19,10_19,334,1.50672835
20RITI20920,10,20,10_20,352,1.299139462
20RITI20921,10,21,10_21,370,1.280453885
20RITI20922,10,22,10_22,388,1.85661228
20RITI20923,10,23,10_23,406,1.607145176
20RITI20924,10,24,10_24,424,1.750120289
20RITI20925,10,25,10_25,442,1.18858686
20RITI20926,10,26,10_26,460,1.848735279
20RITI20927,10,27,10_27,478,1.352281654
20RITI20928,10,28,10_28,496,1.965593137
20RITI20929,10,29,10_29,514,1.558742189
20RITI20930,10,30,10_30,532,1.650819082
20RITI20931,10,31,10_31,550,1.89940417
20RITI20932,10,32,10_32,568,1.962215264
20RITI20933,10,33,10_33,586,2.292963233
20RITI20934,10,34,10_34,604,1.477016916
20RITI20935,10,35,10_35,622,1.537798793
20RITI20936,10,36,10_36,640,1.677846762
20RITI20937,10,37,10_37,658,1.280449537
20RITI20938,10,38,10_38,676,1.672209812
20RITI20939,10,39,10_39,694,1.635965458
20RITI20940,10,40,10_40,712,1.798301632
20RITI20941,10,41,10_41,730,1.621790226
20RITI20942,10,42,10_42,748,1.750576062
20RITI20943,10,43,10_43,766,1.496829261
20RITI20944,10,44,10_44,784,1.879801447
20RITI20945,10,45,10_45,802,1.659379931
20RITI20946,10,46,10_46,820,1.612330854
20RITI20947,10,47,10_47,838,1.76970921
20RITI20948,10,48,10_48,856,1.884768657
20RITI20949,10,49,10_49,874,1.445713484
20RITI20950,10,50,10_50,892,1.892640031
20RITI20951,10,51,10_51,910,1.582377598
20RITI20952,10,52,10_52,928,2.004993038
20RITI20953,10,53,10_53,946,1.840631827
20RITI20954,10,54,10_54,964,1.828470302
20RITI20955,10,55,10_55,982,1.532845604
20RITI20956,10,56,10_56,1000,1.862922042
20RITI20957,10,57,10_57,1018,1.550188483
20RITI20958,10,58,10_58,1036,1.804831126
20RITI20959,10,59,10_59,1054,1.881388077
20RITI20960,10,60,10_60,1072,1.702381769
20RITI20961,10,61,10_61,1090,1.588684646
20RITI20962,10,62,10_62,1108,1.62898558
20RITI20963,10,63,10_63,1126,1.71184249
20RITI20964,10,64,10_64,1144,1.737959876
20RITI20965,10,65,10_65,1162,1.747422933
20RITI20966,10,66,10_66,1180,1.80303074
20RITI20967,10,67,10_67,1198,1.891292798
20RITI20968,10,68,10_68,1216,2.048899605
20RITI20969,10,69,10_69,1234,1.634838098
20RITI20970,10,70,10_70,1252,1.850537768
20RITI20971,10,71,10_71,1270,1.68257577
20RITI20972,10,72,10_72,1288,1.757096707
20RITI20973,10,73,10_73,1306,1.295990973
20RITI20974,10,74,10_74,1324,1.823517855
20RITI20975,10,75,10_75,1342,1.777585118
20RITI20976,10,76,10_76,1360,1.854594136
20RITI20977,10,77,10_77,1378,1.79784807
20RITI20978,10,78,10_78,1396,1.640241452
20RITI20979,10,79,10_79,1414,1.779393834
20RITI20980,10,80,10_80,1432,1.791557498
20RITI20981,10,81,10_81,1450,1.735486797
20RITI20982,10,82,10_82,1468,2.093924155
20RITI20983,10,83,10_83,1486,2.016700277
20RITI20984,10,84,10_84,1504,1.964914408
20RITI20985,10,85,10_85,1522,1.474301243
20RITI20986,10,86,10_86,1540,1.703509398
20RITI20987,10,87,10_87,1558,1.714542373
20RITI20988,10,88,10_88,1576,1.736384874
20RITI20989,10,89,10_89,1594,1.637095327
20RITI20990,10,90,10_90,1612,1.730306947
20RITI20991,10,91,10_91,1630,1.804607356
20RITI20992,10,92,10_92,1648,1.73502921
20RITI20993,10,93,10_93,1666,1.606693009
20RITI20994,10,94,10_94,1684,2.30017228
20RITI20995,10,95,10_95,1702,1.780740371
20RITI20996,10,96,10_96,1720,1.859317492
20RITI20997,10,97,10_97,1738,1.965820679
20RITI20998,10,98,10_98,1756,2.268872506
20RITI20999,10,99,10_99,1774,1.513268013
20RITI21000,10,100,10_100,1792,2.116213789
20RITI21001,11,1,11_1,11,2.02120642
20RITI21002,11,2,11_2,29,2.286441732
20RITI21003,11,3,11_3,47,2.222272632
20RITI21004,11,4,11_4,65,1.983382049
20RITI21005,11,5,11_5,83,1.948034715
20RITI21006,11,6,11_6,101,2.03314156
20RITI21007,11,7,11_7,119,2.122072797
20RITI21008,11,8,11_8,137,2.177685302
20RITI21009,11,9,11_9,155,1.869005321
20RITI21010,11,10,11_10,173,2.26459555
20RITI21011,11,11,11_11,191,1.93069255
20RITI21012,11,12,11_12,209,2.004992852
20RITI21013,11,13,11_13,227,1.890618361
20RITI21014,11,14,11_14,245,2.278783848
20RITI21015,11,15,11_15,263,1.758905522
20RITI21016,11,16,11_16,281,1.734587414
20RITI21017,11,17,11_17,299,1.603543988
20RITI21018,11,18,11_18,317,1.920109141
20RITI21019,11,19,11_19,335,2.017150244
20RITI21020,11,20,11_20,353,1.776461607
20RITI21021,11,21,11_21,371,1.759799226
20RITI21022,11,22,11_22,389,2.107211194
20RITI21023,11,23,11_23,407,1.777147846
20RITI21024,11,24,11_24,425,2.066013094
20RITI21025,11,25,11_25,443,1.693389288
20RITI21026,11,26,11_26,461,1.929121782
20RITI21027,11,27,11_27,479,1.789521498
20RITI21028,11,28,11_28,497,2.275630798
20RITI21029,11,29,11_29,515,2.037639389
20RITI21030,11,30,11_30,533,2.053629091
20RITI21031,11,31,11_31,551,2.047096906
20RITI21032,11,32,11_32,569,2.253564821
20RITI21033,11,33,11_33,587,2.295217738
20RITI21034,11,34,11_34,605,2.051372148
20RITI21035,11,35,11_35,623,1.965598221
20RITI21036,11,36,11_36,641,1.917637779
20RITI21037,11,37,11_37,659,1.857070448
20RITI21038,11,38,11_38,677,2.084473965
20RITI21039,11,39,11_39,695,2.130400124
20RITI21040,11,40,11_40,713,2.387528229
20RITI21041,11,41,11_41,731,2.024132937
20RITI21042,11,42,11_42,749,2.179264967
20RITI21043,11,43,11_43,767,1.842886088
20RITI21044,11,44,11_44,785,2.197959003
20RITI21045,11,45,11_45,803,1.615253359
20RITI21046,11,46,11_46,821,1.776230023
20RITI21047,11,47,11_47,839,2.254015608
20RITI21048,11,48,11_48,857,2.198178136
20RITI21049,11,49,11_49,875,1.951409819
20RITI21050,11,50,11_50,893,2.015802307
20RITI21051,11,51,11_51,911,2.218664429
20RITI21052,11,52,11_52,929,2.303777541
20RITI21053,11,53,11_53,947,2.238259456
20RITI21054,11,54,11_54,965,1.86202566
20RITI21055,11,55,11_55,983,1.936775367
20RITI21056,11,56,11_56,1001,2.086951384
20RITI21057,11,57,11_57,1019,2.059029755
20RITI21058,11,58,11_58,1037,1.957936665
20RITI21059,11,59,11_59,1055,2.285766347
20RITI21060,11,60,11_60,1073,2.046871741
20RITI21061,11,61,11_61,1091,2.275856754
20RITI21062,11,62,11_62,1109,2.084473499
20RITI21063,11,63,11_63,1127,1.997562217
20RITI21064,11,64,11_64,1145,2.118472173
20RITI21065,11,65,11_65,1163,2.000267678
20RITI21066,11,66,11_66,1181,2.108789662
20RITI21067,11,67,11_67,1199,2.098432414
20RITI21068,11,68,11_68,1217,2.166200436
20RITI21069,11,69,11_69,1235,2.09100442
20RITI21070,11,70,11_70,1253,2.097532381
20RITI21071,11,71,11_71,1271,2.181744565
20RITI21072,11,72,11_72,1289,2.348128925
20RITI21073,11,73,11_73,1307,2.01759936
20RITI21074,11,74,11_74,1325,2.402162519
20RITI21075,11,75,11_75,1343,2.012421443
20RITI21076,11,76,11_76,1361,2.256267948
20RITI21077,11,77,11_77,1379,2.301753377
20RITI21078,11,78,11_78,1397,1.786369752
20RITI21079,11,79,11_79,1415,2.152023899
20RITI21080,11,80,11_80,1433,2.190073149
20RITI21081,11,81,11_81,1451,2.122300999
20RITI21082,11,82,11_82,1469,2.531182035
20RITI21083,11,83,11_83,1487,2.35533648
20RITI21084,11,84,11_84,1505,1.669288046
20RITI21085,11,85,11_85,1523,1.879359316
20RITI21086,11,86,11_86,1541,1.707789752
20RITI21087,11,87,11_87,1559,2.216414097
20RITI21088,11,88,11_88,1577,2.303319864
20RITI21089,11,89,11_89,1595,2.000944516
20RITI21090,11,90,11_90,1613,2.220919109
20RITI21091,11,91,11_91,1631,2.202004743
20RITI21092,11,92,11_92,1649,1.787718758
20RITI21093,11,93,11_93,1667,2.361636758
20RITI21094,11,94,11_94,1685,2.408691675
20RITI21095,11,95,11_95,1703,2.123875072
20RITI21096,11,96,11_96,1721,2.289586011
20RITI21097,11,97,11_97,1739,2.153143248
20RITI21098,11,98,11_98,1757,2.12859849
20RITI21099,11,99,11_99,1775,2.155854549
20RITI21100,11,100,11_100,1793,1.802129531
20RITI21101,12,1,12_1,12,1.771514247
20RITI21102,12,2,12_2,30,2.206057277
20RITI21103,12,3,12_3,48,2.014680635
20RITI21104,12,4,12_4,66,2.111720682
20RITI21105,12,5,12_5,84,1.529246637
20RITI21106,12,6,12_6,102,1.619082604
20RITI21107,12,7,12_7,120,1.803937467
20RITI21108,12,8,12_8,138,1.693161086
20RITI21109,12,9,12_9,156,1.591833905
20RITI21110,12,10,12_10,174,1.917858744
20RITI21111,12,11,12_11,192,1.941500101
20RITI21112,12,12,12_12,210,1.721074092
20RITI21113,12,13,12_13,228,1.902777241
20RITI21114,12,14,12_14,246,1.744274919
20RITI21115,12,15,12_15,264,1.614804587
20RITI21116,12,16,12_16,282,1.538705493
20RITI21117,12,17,12_17,300,1.496823955
20RITI21118,12,18,12_18,318,1.578327732
20RITI21119,12,19,12_19,336,1.723776318
20RITI21120,12,20,12_20,354,1.4463877
20RITI21121,12,21,12_21,372,1.694506464
20RITI21122,12,22,12_22,390,1.663212411
20RITI21123,12,23,12_23,408,1.512811523
20RITI21124,12,24,12_24,426,1.763184721
20RITI21125,12,25,12_25,444,1.626058662
20RITI21126,12,26,12_26,462,1.599040577
20RITI21127,12,27,12_27,480,1.966494313
20RITI21128,12,28,12_28,498,1.712975156
20RITI21129,12,29,12_29,516,1.33763641
20RITI21130,12,30,12_30,534,1.662528701
20RITI21131,12,31,12_31,552,1.67515476
20RITI21132,12,32,12_32,570,1.838832853
20RITI21133,12,33,12_33,588,1.984050421
20RITI21134,12,34,12_34,606,1.579007112
20RITI21135,12,35,12_35,624,1.521812111
20RITI21136,12,36,12_36,642,1.805283449
20RITI21137,12,37,12_37,660,1.446391372
20RITI21138,12,38,12_38,678,2.00769075
20RITI21139,12,39,12_39,696,1.817444417
20RITI21140,12,40,12_40,714,1.762741608
20RITI21141,12,41,12_41,732,1.823746099
20RITI21142,12,42,12_42,750,1.725127038
20RITI21143,12,43,12_43,768,1.440311648
20RITI21144,12,44,12_44,786,1.684383739
20RITI21145,12,45,12_45,804,1.427697107
20RITI21146,12,46,12_46,822,1.441435971
20RITI21147,12,47,12_47,840,1.576073757
20RITI21148,12,48,12_48,858,1.848514052
20RITI21149,12,49,12_49,876,1.488267679
20RITI21150,12,50,12_50,894,1.454261195
20RITI21151,12,51,12_51,912,1.706439855
20RITI21152,12,52,12_52,930,1.381094449
20RITI21153,12,53,12_53,948,1.620429259
20RITI21154,12,54,12_54,966,1.627176847
20RITI21155,12,55,12_55,984,1.445938879
20RITI21156,12,56,12_56,1002,1.855042036
20RITI21157,12,57,12_57,1020,1.5191145
20RITI21158,12,58,12_58,1038,1.696083535
20RITI21159,12,59,12_59,1056,1.768131334
20RITI21160,12,60,12_60,1074,1.663880158
20RITI21161,12,61,12_61,1092,1.258164968
20RITI21162,12,62,12_62,1110,1.859096619
20RITI21163,12,63,12_63,1128,1.597919919
20RITI21164,12,64,12_64,1146,1.809339278
20RITI21165,12,65,12_65,1164,1.543206628
20RITI21166,12,66,12_66,1182,1.871023648
20RITI21167,12,67,12_67,1200,1.726480348
20RITI21168,12,68,12_68,1218,2.204930474
20RITI21169,12,69,12_69,1236,2.345654565
20RITI21170,12,70,12_70,1254,1.921684141
20RITI21171,12,71,12_71,1272,1.744265886
20RITI21172,12,72,12_72,1290,1.913582944
20RITI21173,12,73,12_73,1308,2.401035022
20RITI21174,12,74,12_74,1326,1.616378514
20RITI21175,12,75,12_75,1344,1.767012466
20RITI21176,12,76,12_76,1362,1.554912417
20RITI21177,12,77,12_77,1380,2.145489651
20RITI21178,12,78,12_78,1398,1.54410462
20RITI21179,12,79,12_79,1416,1.655323234
20RITI21180,12,80,12_80,1434,1.909300574
20RITI21181,12,81,12_81,1452,2.107212726
20RITI21182,12,82,12_82,1470,1.956138168
20RITI21183,12,83,12_83,1488,1.985183799
20RITI21184,12,84,12_84,1506,1.722200541
20RITI21185,12,85,12_85,1524,1.583950929
20RITI21186,12,86,12_86,1542,1.554465703
20RITI21187,12,87,12_87,1560,1.458093052
20RITI21188,12,88,12_88,1578,1.478583248
20RITI21189,12,89,12_89,1596,1.573376831
20RITI21190,12,90,12_90,1614,1.609625216
20RITI21191,12,91,12_91,1632,1.574500264
20RITI21192,12,92,12_92,1650,2.100914532
20RITI21193,12,93,12_93,1668,2.070737293
20RITI21194,12,94,12_94,1686,1.988108312
20RITI21195,12,95,12_95,1704,1.586881793
20RITI21196,12,96,12_96,1722,1.774435212
20RITI21197,12,97,12_97,1740,2.026377948
20RITI21198,12,98,12_98,1758,1.837248377
20RITI21199,12,99,12_99,1776,1.713869636
20RITI21200,12,100,12_100,1794,1.730313268
20RITI21201,13,1,13_1,13,1.842207077
20RITI21202,13,2,13_2,31,2.266170709
20RITI21203,13,3,13_3,49,1.919432985
20RITI21204,13,4,13_4,67,2.192103486
20RITI21205,13,5,13_5,85,2.017597762
20RITI21206,13,6,13_6,103,2.088526965
20RITI21207,13,7,13_7,121,1.986984272
20RITI21208,13,8,13_8,139,2.244786822
20RITI21209,13,9,13_9,157,1.489617728
20RITI21210,13,10,13_10,175,2.116671764
20RITI21211,13,11,13_11,193,2.031789171
20RITI21212,13,12,13_12,211,2.158556515
20RITI21213,13,13,13_13,229,2.253111613
20RITI21214,13,14,13_14,247,2.329896139
20RITI21215,13,15,13_15,265,2.159673739
20RITI21216,13,16,13_16,283,1.753949636
20RITI21217,13,17,13_17,301,1.666588884
20RITI21218,13,18,13_18,319,2.149321285
20RITI21219,13,19,13_19,337,2.293414114
20RITI21220,13,20,13_20,355,1.860903943
20RITI21221,13,21,13_21,373,2.24208092
20RITI21222,13,22,13_22,391,2.027287204
20RITI21223,13,23,13_23,409,2.080422677
20RITI21224,13,24,13_24,427,2.008150507
20RITI21225,13,25,13_25,445,2.203352758
20RITI21226,13,26,13_26,463,1.896017302
20RITI21227,13,27,13_27,481,2.150442828
20RITI21228,13,28,13_28,499,1.956360909
20RITI21229,13,29,13_29,517,2.009946404
20RITI21230,13,30,13_30,535,2.083127063
20RITI21231,13,31,13_31,553,1.972793557
20RITI21232,13,32,13_32,571,2.063306706
20RITI21233,13,33,13_33,589,2.37155007
20RITI21234,13,34,13_34,607,1.990132968
20RITI21235,13,35,13_35,625,2.140089828
20RITI21236,13,36,13_36,643,2.229248634
20RITI21237,13,37,13_37,661,1.83635448
20RITI21238,13,38,13_38,679,2.257391839
20RITI21239,13,39,13_39,697,1.884758431
20RITI21240,13,40,13_40,715,2.240280048
20RITI21241,13,41,13_41,733,2.306031967
20RITI21242,13,42,13_42,751,2.21078532
20RITI21243,13,43,13_43,769,2.070061423
20RITI21244,13,44,13_44,787,2.12072259
20RITI21245,13,45,13_45,805,2.167788751
20RITI21246,13,46,13_46,823,2.415226966
20RITI21247,13,47,13_47,841,2.265269668
20RITI21248,13,48,13_48,859,2.217539502
20RITI21249,13,49,13_49,877,2.000500404
20RITI21250,13,50,13_50,895,1.272127578
20RITI21251,13,51,13_51,913,2.174981059
20RITI21252,13,52,13_52,931,1.671993052
20RITI21253,13,53,13_53,949,1.888818739
20RITI21254,13,54,13_54,967,2.092577098
20RITI21255,13,55,13_55,985,2.079069993
20RITI21256,13,56,13_56,1003,2.346782075
20RITI21257,13,57,13_57,1021,1.938128046
20RITI21258,13,58,13_58,1039,2.15494835
20RITI21259,13,59,13_59,1057,2.026836473
20RITI21260,13,60,13_60,1075,2.247483297
20RITI21261,13,61,13_61,1093,2.05452973
20RITI21262,13,62,13_62,1111,2.389332843
20RITI21263,13,63,13_63,1129,2.124551162
20RITI21264,13,64,13_64,1147,2.11915183
20RITI21265,13,65,13_65,1165,2.195702261
20RITI21266,13,66,13_66,1183,2.015801798
20RITI21267,13,67,13_67,1201,2.255363915
20RITI21268,13,68,13_68,1219,2.136481228
20RITI21269,13,69,13_69,1237,2.469711396
20RITI21270,13,70,13_70,1255,2.289355958
20RITI21271,13,71,13_71,1273,2.153595295
20RITI21272,13,72,13_72,1291,2.389110158
20RITI21273,13,73,13_73,1309,2.31097597
20RITI21274,13,74,13_74,1327,2.291619128
20RITI21275,13,75,13_75,1345,2.099564264
20RITI21276,13,76,13_76,1363,1.852787909
20RITI21277,13,77,13_77,1381,2.402611403
20RITI21278,13,78,13_78,1399,2.30625224
20RITI21279,13,79,13_79,1417,2.013999681
20RITI21280,13,80,13_80,1435,2.107444099
20RITI21281,13,81,13_81,1453,2.382802022
20RITI21282,13,82,13_82,1471,2.154944218
20RITI21283,13,83,13_83,1489,2.221137479
20RITI21284,13,84,13_84,1507,2.326510713
20RITI21285,13,85,13_85,1525,2.067590141
20RITI21286,13,86,13_86,1543,2.037194626
20RITI21287,13,87,13_87,1561,2.194347398
20RITI21288,13,88,13_88,1579,2.032011532
20RITI21289,13,89,13_89,1597,2.083797516
20RITI21290,13,90,13_90,1615,2.037416514
20RITI21291,13,91,13_91,1633,1.918084088
20RITI21292,13,92,13_92,1651,2.286657628
20RITI21293,13,93,13_93,1669,2.274048476
20RITI21294,13,94,13_94,1687,2.411387635
20RITI21295,13,95,13_95,1705,2.169355224
20RITI21296,13,96,13_96,1723,2.1722854
20RITI21297,13,97,13_97,1741,2.083580864
20RITI21298,13,98,13_98,1759,2.09573221
20RITI21299,13,99,13_99,1777,2.281253472
20RITI21300,13,100,13_100,1795,2.167103966
20RITI21301,14,1,14_1,14,1.730086388
20RITI21302,14,2,14_2,32,1.59993987
20RITI21303,14,3,14_3,50,2.074790833
20RITI21304,14,4,14_4,68,1.995087984
20RITI21305,14,5,14_5,86,1.637092
20RITI21306,14,6,14_6,104,1.554010615
20RITI21307,14,7,14_7,122,1.626510692
20RITI21308,14,8,14_8,140,1.916287812
20RITI21309,14,9,14_9,158,1.590948746
20RITI21310,14,10,14_10,176,1.802358512
20RITI21311,14,11,14_11,194,1.675819586
20RITI21312,14,12,14_12,212,1.776016063
20RITI21313,14,13,14_13,230,1.710270488
20RITI21314,14,14,14_14,248,1.820368613
20RITI21315,14,15,14_15,266,1.764305251
20RITI21316,14,16,14_16,284,1.839735177
20RITI21317,14,17,14_17,302,1.417794726
20RITI21318,14,18,14_18,320,1.76092354
20RITI21319,14,19,14_19,338,1.486237496
20RITI21320,14,20,14_20,356,1.679641702
20RITI21321,14,21,14_21,374,1.980229054
20RITI21322,14,22,14_22,392,1.660510497
20RITI21323,14,23,14_23,410,1.762283518
20RITI21324,14,24,14_24,428,1.727600776
20RITI21325,14,25,14_25,446,1.519793585
20RITI21326,14,26,14_26,464,1.633941926
20RITI21327,14,27,14_27,482,1.631238624
20RITI21328,14,28,14_28,500,1.763404234
20RITI21329,14,29,14_29,518,1.506503787
20RITI21330,14,30,14_30,536,1.746971676
20RITI21331,14,31,14_31,554,1.476112634
20RITI21332,14,32,14_32,572,1.900074016
20RITI21333,14,33,14_33,590,2.27045278
20RITI21334,14,34,14_34,608,1.86202199
20RITI21335,14,35,14_35,626,1.495474176
20RITI21336,14,36,14_36,644,1.593864918
20RITI21337,14,37,14_37,662,1.417342517
20RITI21338,14,38,14_38,680,1.910657074
20RITI21339,14,39,14_39,698,1.395503517
20RITI21340,14,40,14_40,716,1.823751478
20RITI21341,14,41,14_41,734,1.896696887
20RITI21342,14,42,14_42,752,1.583506531
20RITI21343,14,43,14_43,770,1.684375727
20RITI21344,14,44,14_44,788,1.665010839
20RITI21345,14,45,14_45,806,1.483089524
20RITI21346,14,46,14_46,824,1.930248993
20RITI21347,14,47,14_47,842,1.445260599
20RITI21348,14,48,14_48,860,2.191641776
20RITI21349,14,49,14_49,878,1.713643835
20RITI21350,14,50,14_50,896,1.363751111
20RITI21351,14,51,14_51,914,2.448321155
20RITI21352,14,52,14_52,932,1.495703654
20RITI21353,14,53,14_53,950,1.710723051
20RITI21354,14,54,14_54,968,1.306794707
20RITI21355,14,55,14_55,986,2.151117109
20RITI21356,14,56,14_56,1004,1.756874068
20RITI21357,14,57,14_57,1022,1.705989929
20RITI21358,14,58,14_58,1040,2.700272896
20RITI21359,14,59,14_59,1058,1.664110793
20RITI21360,14,60,14_60,1076,1.569998121
20RITI21361,14,61,14_61,1094,2.789204646
20RITI21362,14,62,14_62,1112,2.110589651
20RITI21363,14,63,14_63,1130,1.996661244
20RITI21364,14,64,14_64,1148,1.69968978
20RITI21365,14,65,14_65,1166,2.017155666
20RITI21366,14,66,14_66,1184,2.140089386
20RITI21367,14,67,14_67,1202,1.86450279
20RITI21368,14,68,14_68,1220,2.040562786
20RITI21369,14,69,14_69,1238,2.088525496
20RITI21370,14,70,14_70,1256,2.207182212
20RITI21371,14,71,14_71,1274,2.2202389
20RITI21372,14,72,14_72,1292,2.20425861
20RITI21373,14,73,14_73,1310,1.899401447
20RITI21374,14,74,14_74,1328,2.151569654
20RITI21375,14,75,14_75,1346,1.974597742
20RITI21376,14,76,14_76,1364,2.130854023
20RITI21377,14,77,14_77,1382,2.059257781
20RITI21378,14,78,14_78,1400,1.991485818
20RITI21379,14,79,14_79,1418,2.107893061
20RITI21380,14,80,14_80,1436,2.063082809
20RITI21381,14,81,14_81,1454,1.739531908
20RITI21382,14,82,14_82,1472,2.283732201
20RITI21383,14,83,14_83,1490,2.016251967
20RITI21384,14,84,14_84,1508,2.070291029
20RITI21385,14,85,14_85,1526,2.133104643
20RITI21386,14,86,14_86,1544,1.800104729
20RITI21387,14,87,14_87,1562,1.965595654
20RITI21388,14,88,14_88,1580,2.037189698
20RITI21389,14,89,14_89,1598,1.814066319
20RITI21390,14,90,14_90,1616,2.156069246
20RITI21391,14,91,14_91,1634,1.957718623
20RITI21392,14,92,14_92,1652,1.959512575
20RITI21393,14,93,14_93,1670,1.942845773
20RITI21394,14,94,14_94,1688,1.892191523
20RITI21395,14,95,14_95,1706,2.20898865
20RITI21396,14,96,14_96,1724,2.250635125
20RITI21397,14,97,14_97,1742,2.043050622
20RITI21398,14,98,14_98,1760,1.961764651
20RITI21399,14,99,14_99,1778,2.315706421
20RITI21400,14,100,14_100,1796,2.045069302
20RITI21401,15,1,15_1,15,2.13603995
20RITI21402,15,2,15_2,33,1.877329572
20RITI21403,15,3,15_3,51,2.456652184
20RITI21404,15,4,15_4,69,2.260997677
20RITI21405,15,5,15_5,87,2.03133884
20RITI21406,15,6,15_6,105,2.096863224
20RITI21407,15,7,15_7,123,1.778496365
20RITI21408,15,8,15_8,141,2.068263177
20RITI21409,15,9,15_9,159,1.806635464
20RITI21410,15,10,15_10,177,1.880256778
20RITI21411,15,11,15_11,195,1.880265918
20RITI21412,15,12,15_12,213,2.091457996
20RITI21413,15,13,15_13,231,1.909079262
20RITI21414,15,14,15_14,249,1.750120365
20RITI21415,15,15,15_15,267,2.023009066
20RITI21416,15,16,15_16,285,1.883636537
20RITI21417,15,17,15_17,303,2.099115998
20RITI21418,15,18,15_18,321,1.973022154
20RITI21419,15,19,15_19,339,1.814056996
20RITI21420,15,20,15_20,357,1.93610353
20RITI21421,15,21,15_21,375,1.924387162
20RITI21422,15,22,15_22,393,2.223848484
20RITI21423,15,23,15_23,411,1.723557477
20RITI21424,15,24,15_24,429,1.680326728
20RITI21425,15,25,15_25,447,2.004771733
20RITI21426,15,26,15_26,465,1.990808354
20RITI21427,15,27,15_27,483,2.022107363
20RITI21428,15,28,15_28,501,2.06758113
20RITI21429,15,29,15_29,519,2.100906648
20RITI21430,15,30,15_30,537,1.973697808
20RITI21431,15,31,15_31,555,2.011301548
20RITI21432,15,32,15_32,573,2.205606582
20RITI21433,15,33,15_33,591,2.231953017
20RITI21434,15,34,15_34,609,2.131759235
20RITI21435,15,35,15_35,627,1.785015077
20RITI21436,15,36,15_36,645,2.064213969
20RITI21437,15,37,15_37,663,1.881163031
20RITI21438,15,38,15_38,681,2.076373939
20RITI21439,15,39,15_39,699,2.07187356
20RITI21440,15,40,15_40,717,2.082893312
20RITI21441,15,41,15_41,735,1.878227893
20RITI21442,15,42,15_42,753,1.951181555
20RITI21443,15,43,15_43,771,2.174313693
20RITI21444,15,44,15_44,789,2.128832842
20RITI21445,15,45,15_45,807,2.039218663
20RITI21446,15,46,15_46,825,1.845364788
20RITI21447,15,47,15_47,843,1.974823812
20RITI21448,15,48,15_48,861,1.958611182
20RITI21449,15,49,15_49,879,1.936776726
20RITI21450,15,50,15_50,897,1.825995844
20RITI21451,15,51,15_51,915,2.135357539
20RITI21452,15,52,15_52,933,0.589903828
20RITI21453,15,53,15_53,951,1.759801362
20RITI21454,15,54,15_54,969,1.098526724
20RITI21455,15,55,15_55,987,2.113974464
20RITI21456,15,56,15_56,1005,2.075017022
20RITI21457,15,57,15_57,1023,2.113744535
20RITI21458,15,58,15_58,1041,1.691805342
20RITI21459,15,59,15_59,1059,1.950064218
20RITI21460,15,60,15_60,1077,1.925060778
20RITI21461,15,61,15_61,1095,2.218207218
20RITI21462,15,62,15_62,1113,2.056330422
20RITI21463,15,63,15_63,1131,1.786145641
20RITI21464,15,64,15_64,1149,2.079742178
20RITI21465,15,65,15_65,1167,2.045971973
20RITI21466,15,66,15_66,1185,2.061060084
20RITI21467,15,67,15_67,1203,1.995089318
20RITI21468,15,68,15_68,1221,2.168906532
20RITI21469,15,69,15_69,1239,2.11621398
20RITI21470,15,70,15_70,1257,2.082449824
20RITI21471,15,71,15_71,1275,1.957716598
20RITI21472,15,72,15_72,1293,2.320207462
20RITI21473,15,73,15_73,1311,2.205833631
20RITI21474,15,74,15_74,1329,2.231949137
20RITI21475,15,75,15_75,1347,2.094384758
20RITI21476,15,76,15_76,1365,2.101135704
20RITI21477,15,77,15_77,1383,2.148641102
20RITI21478,15,78,15_78,1401,2.180384493
20RITI21479,15,79,15_79,1419,1.83387722
20RITI21480,15,80,15_80,1437,2.126130933
20RITI21481,15,81,15_81,1455,1.928212784
20RITI21482,15,82,15_82,1473,2.008829512
20RITI21483,15,83,15_83,1491,1.977528872
20RITI21484,15,84,15_84,1509,2.035618939
20RITI21485,15,85,15_85,1527,2.105862217
20RITI21486,15,86,15_86,1545,2.000496366
20RITI21487,15,87,15_87,1563,2.001172085
20RITI21488,15,88,15_88,1581,2.266618657
20RITI21489,15,89,15_89,1599,1.909076201
20RITI21490,15,90,15_90,1617,2.223618849
20RITI21491,15,91,15_91,1635,2.172282781
20RITI21492,15,92,15_92,1653,2.356914268
20RITI21493,15,93,15_93,1671,2.326284064
20RITI21494,15,94,15_94,1689,1.936542293
20RITI21495,15,95,15_95,1707,2.286433654
20RITI21496,15,96,15_96,1725,1.204577349
20RITI21497,15,97,15_97,1743,2.253336196
20RITI21498,15,98,15_98,1761,1.986308028
20RITI21499,15,99,15_99,1779,2.178361168
20RITI21500,15,100,15_100,1797,2.485920988
20RITI21501,16,1,16_1,16,1.901878557
20RITI21502,16,2,16_2,34,2.040113536
20RITI21503,16,3,16_3,52,2.209207539
20RITI21504,16,4,16_4,70,2.061510619
20RITI21505,16,5,16_5,88,1.915606348
20RITI21506,16,6,16_6,106,2.015352062
20RITI21507,16,7,16_7,124,2.047774151
20RITI21508,16,8,16_8,142,2.052051348
20RITI21509,16,9,16_9,160,1.906610314
20RITI21510,16,10,16_10,178,2.291164459
20RITI21511,16,11,16_11,196,1.875759704
20RITI21512,16,12,16_12,214,2.04890336
20RITI21513,16,13,16_13,232,1.871029696
20RITI21514,16,14,16_14,250,2.179941035
20RITI21515,16,15,16_15,268,1.918308383
20RITI21516,16,16,16_16,286,1.950728129
20RITI21517,16,17,16_17,304,1.969875843
20RITI21518,16,18,16_18,322,1.954335677
20RITI21519,16,19,16_19,340,2.277884964
20RITI21520,16,20,16_20,358,1.996667153
20RITI21521,16,21,16_21,376,2.036519203
20RITI21522,16,22,16_22,394,2.226997824
20RITI21523,16,23,16_23,412,1.998462605
20RITI21524,16,24,16_24,430,2.012423541
20RITI21525,16,25,16_25,448,2.15111895
20RITI21526,16,26,16_26,466,2.161253183
20RITI21527,16,27,16_27,484,1.885660225
20RITI21528,16,28,16_28,502,2.174762952
20RITI21529,16,29,16_29,520,2.186472946
20RITI21530,16,30,16_30,538,2.03246213
20RITI21531,16,31,16_31,556,1.97977206
20RITI21532,16,32,16_32,574,2.286437712
20RITI21533,16,33,16_33,592,2.120051794
20RITI21534,16,34,16_34,610,2.046879438
20RITI21535,16,35,16_35,628,1.614351736
20RITI21536,16,36,16_36,646,2.090556134
20RITI21537,16,37,16_37,664,1.976624717
20RITI21538,16,38,16_38,682,2.005445501
20RITI21539,16,39,16_39,700,2.270902979
20RITI21540,16,40,16_40,718,2.192994253
20RITI21541,16,41,16_41,736,2.130629437
20RITI21542,16,42,16_42,754,2.305348833
20RITI21543,16,43,16_43,772,2.199752375
20RITI21544,16,44,16_44,790,1.844007765
20RITI21545,16,45,16_45,808,2.093028527
20RITI21546,16,46,16_46,826,2.096860268
20RITI21547,16,47,16_47,844,2.077723517
20RITI21548,16,48,16_48,862,2.159220054
20RITI21549,16,49,16_49,880,2.101578881
20RITI21550,16,50,16_50,898,1.953214788
20RITI21551,16,51,16_51,916,1.870799088
20RITI21552,16,52,16_52,934,2.039669484
20RITI21553,16,53,16_53,952,2.109920617
20RITI21554,16,54,16_54,970,1.941947422
20RITI21555,16,55,16_55,988,1.795383285
20RITI21556,16,56,16_56,1006,1.90074734
20RITI21557,16,57,16_57,1024,1.794475136
20RITI21558,16,58,16_58,1042,1.889713553
20RITI21559,16,59,16_59,1060,2.093027596
20RITI21560,16,60,16_60,1078,2.282838593
20RITI21561,16,61,16_61,1096,1.817223039
20RITI21562,16,62,16_62,1114,2.021652468
20RITI21563,16,63,16_63,1132,2.204705039
20RITI21564,16,64,16_64,1150,1.902104763
20RITI21565,16,65,16_65,1168,1.880028839
20RITI21566,16,66,16_66,1186,2.026831245
20RITI21567,16,67,16_67,1204,2.196599703
20RITI21568,16,68,16_68,1222,2.303095858
20RITI21569,16,69,16_69,1240,2.358034449
20RITI21570,16,70,16_70,1258,1.959068452
20RITI21571,16,71,16_71,1276,2.068711108
20RITI21572,16,72,16_72,1294,2.207182217
20RITI21573,16,73,16_73,1312,2.067133656
20RITI21574,16,74,16_74,1330,2.120272106
20RITI21575,16,75,16_75,1348,1.993960387
20RITI21576,16,76,16_76,1366,2.143466155
20RITI21577,16,77,16_77,1384,2.278778233
20RITI21578,16,78,16_78,1402,2.01332899
20RITI21579,16,79,16_79,1420,1.915832461
20RITI21580,16,80,16_80,1438,2.091451729
20RITI21581,16,81,16_81,1456,2.221371274
20RITI21582,16,82,16_82,1474,1.881838078
20RITI21583,16,83,16_83,1492,2.119822573
20RITI21584,16,84,16_84,1510,2.234201413
20RITI21585,16,85,16_85,1528,2.011299177
20RITI21586,16,86,16_86,1546,2.030435347
20RITI21587,16,87,16_87,1564,1.991031945
20RITI21588,16,88,16_88,1582,2.006792085
20RITI21589,16,89,16_89,1600,2.340244653
20RITI21590,16,90,16_90,1618,2.274727797
20RITI21591,16,91,16_91,1636,2.054757514
20RITI21592,16,92,16_92,1654,2.221822357
20RITI21593,16,93,16_93,1672,1.996442334
20RITI21594,16,94,16_94,1690,2.183768449
20RITI21595,16,95,16_95,1708,2.180163269
20RITI21596,16,96,16_96,1726,2.274953398
20RITI21597,16,97,16_97,1744,1.832302806
20RITI21598,16,98,16_98,1762,2.136255265
20RITI21599,16,99,16_99,1780,2.428961431
20RITI21600,16,100,16_100,1798,2.380323606
20RITI21601,17,1,17_1,17,1.883186194
20RITI21602,17,2,17_2,35,2.160123671
20RITI21603,17,3,17_3,53,2.151801448
20RITI21604,17,4,17_4,71,2.323814015
20RITI21605,17,5,17_5,89,1.937228695
20RITI21606,17,6,17_6,107,2.095502856
20RITI21607,17,7,17_7,125,2.042144622
20RITI21608,17,8,17_8,143,1.930690524
20RITI21609,17,9,17_9,161,2.019856042
20RITI21610,17,10,17_10,179,2.13964428
20RITI21611,17,11,17_11,197,2.23623244
20RITI21612,17,12,17_12,215,2.341375361
20RITI21613,17,13,17_13,233,1.879584285
20RITI21614,17,14,17_14,251,2.162382378
20RITI21615,17,15,17_15,269,2.139193109
20RITI21616,17,16,17_16,287,2.589271397
20RITI21617,17,17,17_17,305,2.316381871
20RITI21618,17,18,17_18,323,2.06803465
20RITI21619,17,19,17_19,341,1.837933381
20RITI21620,17,20,17_20,359,1.983158476
20RITI21621,17,21,17_21,377,2.037643755
20RITI21622,17,22,17_22,395,2.326518265
20RITI21623,17,23,17_23,413,2.064882111
20RITI21624,17,24,17_24,431,2.097531939
20RITI21625,17,25,17_25,449,2.256719433
20RITI21626,17,26,17_26,467,1.966723854
20RITI21627,17,27,17_27,485,2.242979278
20RITI21628,17,28,17_28,503,2.24996121
20RITI21629,17,29,17_29,521,2.102936422
20RITI21630,17,30,17_30,539,2.17341215
20RITI21631,17,31,17_31,557,1.937450039
20RITI21632,17,32,17_32,575,2.149769362
20RITI21633,17,33,17_33,593,2.163057621
20RITI21634,17,34,17_34,611,2.250638889
20RITI21635,17,35,17_35,629,2.029537961
20RITI21636,17,36,17_36,647,2.200202738
20RITI21637,17,37,17_37,665,2.212585572
20RITI21638,17,38,17_38,683,2.292295642
20RITI21639,17,39,17_39,701,2.148647564
20RITI21640,17,40,17_40,719,2.026605604
20RITI21641,17,41,17_41,737,2.008142682
20RITI21642,17,42,17_42,755,2.142113813
20RITI21643,17,43,17_43,773,1.980897592
20RITI21644,17,44,17_44,791,2.078850386
20RITI21645,17,45,17_45,809,2.148866617
20RITI21646,17,46,17_46,827,2.270895715
20RITI21647,17,47,17_47,845,2.186237742
20RITI21648,17,48,17_48,863,2.113517507
20RITI21649,17,49,17_49,881,1.832525023
20RITI21650,17,50,17_50,899,1.817901571
20RITI21651,17,51,17_51,917,1.807531298
20RITI21652,17,52,17_52,935,2.072542161
20RITI21653,17,53,17_53,953,2.010402362
20RITI21654,17,54,17_54,971,2.104953949
20RITI21655,17,55,17_55,989,1.906384405
20RITI21656,17,56,17_56,1007,2.070963142
20RITI21657,17,57,17_57,1025,2.021205592
20RITI21658,17,58,17_58,1043,2.03493939
20RITI21659,17,59,17_59,1061,2.092806598
20RITI21660,17,60,17_60,1079,1.629212726
20RITI21661,17,61,17_61,1097,2.118472662
20RITI21662,17,62,17_62,1115,2.206284572
20RITI21663,17,63,17_63,1133,2.225188848
20RITI21664,17,64,17_64,1151,2.14188631
20RITI21665,17,65,17_65,1169,1.990358004
20RITI21666,17,66,17_66,1187,2.200648746
20RITI21667,17,67,17_67,1205,2.08717567
20RITI21668,17,68,17_68,1223,2.177690483
20RITI21669,17,69,17_69,1241,2.181733
20RITI21670,17,70,17_70,1259,2.240057326
20RITI21671,17,71,17_71,1277,2.113070438
20RITI21672,17,72,17_72,1295,2.148196039
20RITI21673,17,73,17_73,1313,2.269775057
20RITI21674,17,74,17_74,1331,2.009503362
20RITI21675,17,75,17_75,1349,2.346327624
20RITI21676,17,76,17_76,1367,2.463412755
20RITI21677,17,77,17_77,1385,2.46228324
20RITI21678,17,78,17_78,1403,2.485245538
20RITI21679,17,79,17_79,1421,1.954560473
20RITI21680,17,80,17_80,1439,2.212365799
20RITI21681,17,81,17_81,1457,2.46295405
20RITI21682,17,82,17_82,1475,1.959733144
20RITI21683,17,83,17_83,1493,2.156746095
20RITI21684,17,84,17_84,1511,1.721301658
20RITI21685,17,85,17_85,1529,2.087177438
20RITI21686,17,86,17_86,1547,2.343849913
20RITI21687,17,87,17_87,1565,2.189622574
20RITI21688,17,88,17_88,1583,2.380552296
20RITI21689,17,89,17_89,1601,2.249510462
20RITI21690,17,90,17_90,1619,1.99329325
20RITI21691,17,91,17_91,1637,2.154499124
20RITI21692,17,92,17_92,1655,2.344979748
20RITI21693,17,93,17_93,1673,2.056551136
20RITI21694,17,94,17_94,1691,2.246364246
20RITI21695,17,95,17_95,1709,2.372666701
20RITI21696,17,96,17_96,1727,2.588590349
20RITI21697,17,97,17_97,1745,1.656008501
20RITI21698,17,98,17_98,1763,2.495605841
20RITI21699,17,99,17_99,1781,1.792443487
20RITI21700,17,100,17_100,1799,2.406890121
20RITI21701,18,1,18_1,18,2.150673197
20RITI21702,18,2,18_2,36,2.340927163
20RITI21703,18,3,18_3,54,2.018955394
20RITI21704,18,4,18_4,72,2.175210883
20RITI21705,18,5,18_5,90,2.233077634
20RITI21706,18,6,18_6,108,2.187596861
20RITI21707,18,7,18_7,126,2.134237945
20RITI21708,18,8,18_8,144,2.049126633
20RITI21709,18,9,18_9,162,2.013326454
20RITI21710,18,10,18_10,180,2.19029834
20RITI21711,18,11,18_11,198,2.083801106
20RITI21712,18,12,18_12,216,2.18422295
20RITI21713,18,13,18_13,234,1.695408344
20RITI21714,18,14,18_14,252,1.896018879
20RITI21715,18,15,18_15,270,1.811587499
20RITI21716,18,16,18_16,288,2.225645739
20RITI21717,18,17,18_17,306,1.981803686
20RITI21718,18,18,18_18,324,2.01422268
20RITI21719,18,19,18_19,342,1.73570674
20RITI21720,18,20,18_20,360,2.282610363
20RITI21721,18,21,18_21,378,2.245235847
20RITI21722,18,22,18_22,396,2.251767989
20RITI21723,18,23,18_23,414,2.156303443
20RITI21724,18,24,18_24,432,1.849858752
20RITI21725,18,25,18_25,450,1.813165894
20RITI21726,18,26,18_26,468,1.92934446
20RITI21727,18,27,18_27,486,1.879581996
20RITI21728,18,28,18_28,504,1.774663527
20RITI21729,18,29,18_29,522,2.192095747
20RITI21730,18,30,18_30,540,1.983381928
20RITI21731,18,31,18_31,558,2.123645022
20RITI21732,18,32,18_32,576,2.262569952
20RITI21733,18,33,18_33,594,2.249737827
20RITI21734,18,34,18_34,612,2.202676221
20RITI21735,18,35,18_35,630,2.273602738
20RITI21736,18,36,18_36,648,2.092132304
20RITI21737,18,37,18_37,666,2.312108187
20RITI21738,18,38,18_38,684,1.817435752
20RITI21739,18,39,18_39,702,2.08582694
20RITI21740,18,40,18_40,720,1.839735945
20RITI21741,18,41,18_41,738,1.746516634
20RITI21742,18,42,18_42,756,1.904346394
20RITI21743,18,43,18_43,774,1.897598488
20RITI21744,18,44,18_44,792,2.28868879
20RITI21745,18,45,18_45,810,2.028855663
20RITI21746,18,46,18_46,828,2.181740532
20RITI21747,18,47,18_47,846,1.088619652
20RITI21748,18,48,18_48,864,2.167109702
20RITI21749,18,49,18_49,882,2.134910282
20RITI21750,18,50,18_50,900,1.86472648
20RITI21751,18,51,18_51,918,1.902323553
20RITI21752,18,52,18_52,936,1.774435972
20RITI21753,18,53,18_53,954,2.409141923
20RITI21754,18,54,18_54,972,1.288558512
20RITI21755,18,55,18_55,990,1.805508514
20RITI21756,18,56,18_56,1008,1.248254037
20RITI21757,18,57,18_57,1026,1.70892028
20RITI21758,18,58,18_58,1044,1.355650554
20RITI21759,18,59,18_59,1062,1.756424662
20RITI21760,18,60,18_60,1080,1.892195263
20RITI21761,18,61,18_61,1098,1.989453166
20RITI21762,18,62,18_62,1116,1.738413039
20RITI21763,18,63,18_63,1134,1.712069516
20RITI21764,18,64,18_64,1152,1.969870672
20RITI21765,18,65,18_65,1170,2.070285889
20RITI21766,18,66,18_66,1188,1.933851933
20RITI21767,18,67,18_67,1206,1.685722253
20RITI21768,18,68,18_68,1224,2.183540803
20RITI21769,18,69,18_69,1242,1.7879421
20RITI21770,18,70,18_70,1260,2.145490337
20RITI21771,18,71,18_71,1278,2.12139183
20RITI21772,18,72,18_72,1296,2.206062345
20RITI21773,18,73,18_73,1314,1.890614514
20RITI21774,18,74,18_74,1332,2.243879266
20RITI21775,18,75,18_75,1350,2.106993439
20RITI21776,18,76,18_76,1368,2.197274633
20RITI21777,18,77,18_77,1386,2.485923348
20RITI21778,18,78,18_78,1404,2.093028698
20RITI21779,18,79,18_79,1422,2.228343691
20RITI21780,18,80,18_80,1440,2.328769137
20RITI21781,18,81,18_81,1458,1.993741824
20RITI21782,18,82,18_82,1476,1.898052211
20RITI21783,18,83,18_83,1494,1.993506931
20RITI21784,18,84,18_84,1512,2.10586784
20RITI21785,18,85,18_85,1530,2.223390844
20RITI21786,18,86,18_86,1548,1.796948896
20RITI21787,18,87,18_87,1566,2.234875713
20RITI21788,18,88,18_88,1584,1.626287378
20RITI21789,18,89,18_89,1602,2.134004149
20RITI21790,18,90,18_90,1620,1.67378753
20RITI21791,18,91,18_91,1638,2.0358423
20RITI21792,18,92,18_92,1656,2.46386047
20RITI21793,18,93,18_93,1674,1.675591274
20RITI21794,18,94,18_94,1692,2.393831167
20RITI21795,18,95,18_95,1710,2.50258014
20RITI21796,18,96,18_96,1728,1.665236951
20RITI21797,18,97,18_97,1746,1.661854774
20RITI21798,18,98,18_98,1764,1.74133746
20RITI21799,18,99,18_99,1782,1.769934298
20RITI21800,18,100,18_100,1800,2.30241956
