plant_id,Row,Range,Row_Range,id
20RITI20001,1,1,1_1,1
20RITI20002,1,2,1_2,19
20RITI20003,1,3,1_3,37
20RITI20004,1,4,1_4,55
20RITI20005,1,5,1_5,73
20RITI20006,1,6,1_6,91
20RITI20007,1,7,1_7,109
20RITI20008,1,8,1_8,127
20RITI20009,1,9,1_9,145
20RITI20010,1,10,1_10,163
20RITI20011,1,11,1_11,181
20RITI20012,1,12,1_12,199
20RITI20013,1,13,1_13,217
20RITI20014,1,14,1_14,235
20RITI20015,1,15,1_15,253
20RITI20016,1,16,1_16,271
20RITI20017,1,17,1_17,289
20RITI20018,1,18,1_18,307
20RITI20019,1,19,1_19,325
20RITI20020,1,20,1_20,343
20RITI20021,1,21,1_21,361
20RITI20022,1,22,1_22,379
20RITI20023,1,23,1_23,397
20RITI20024,1,24,1_24,415
20RITI20025,1,25,1_25,433
20RITI20026,1,26,1_26,451
20RITI20027,1,27,1_27,469
20RITI20028,1,28,1_28,487
20RITI20029,1,29,1_29,505
20RITI20030,1,30,1_30,523
20RITI20031,1,31,1_31,541
20RITI20032,1,32,1_32,559
20RITI20033,1,33,1_33,577
20RITI20034,1,34,1_34,595
20RITI20035,1,35,1_35,613
20RITI20036,1,36,1_36,631
20RITI20037,1,37,1_37,649
20RITI20038,1,38,1_38,667
20RITI20039,1,39,1_39,685
20RITI20040,1,40,1_40,703
20RITI20041,1,41,1_41,721
20RITI20042,1,42,1_42,739
20RITI20043,1,43,1_43,757
20RITI20044,1,44,1_44,775
20RITI20045,1,45,1_45,793
20RITI20046,1,46,1_46,811
20RITI20047,1,47,1_47,829
20RITI20048,1,48,1_48,847
20RITI20049,1,49,1_49,865
20RITI20050,1,50,1_50,883
20RITI20051,1,51,1_51,901
20RITI20052,1,52,1_52,919
20RITI20053,1,53,1_53,937
20RITI20054,1,54,1_54,955
20RITI20055,1,55,1_55,973
20RITI20056,1,56,1_56,991
20RITI20057,1,57,1_57,1009
20RITI20058,1,58,1_58,1027
20RITI20059,1,59,1_59,1045
20RITI20060,1,60,1_60,1063
20RITI20061,1,61,1_61,1081
20RITI20062,1,62,1_62,1099
20RITI20063,1,63,1_63,1117
20RITI20064,1,64,1_64,1135
20RITI20065,1,65,1_65,1153
20RITI20066,1,66,1_66,1171
20RITI20067,1,67,1_67,1189
20RITI20068,1,68,1_68,1207
20RITI20069,1,69,1_69,1225
20RITI20070,1,70,1_70,1243
20RITI20071,1,71,1_71,1261
20RITI20072,1,72,1_72,1279
20RITI20073,1,73,1_73,1297
20RITI20074,1,74,1_74,1315
20RITI20075,1,75,1_75,1333
20RITI20076,1,76,1_76,1351
20RITI20077,1,77,1_77,1369
20RITI20078,1,78,1_78,1387
20RITI20079,1,79,1_79,1405
20RITI20080,1,80,1_80,1423
20RITI20081,1,81,1_81,1441
20RITI20082,1,82,1_82,1459
20RITI20083,1,83,1_83,1477
20RITI20084,1,84,1_84,1495
20RITI20085,1,85,1_85,1513
20RITI20086,1,86,1_86,1531
20RITI20087,1,87,1_87,1549
20RITI20088,1,88,1_88,1567
20RITI20089,1,89,1_89,1585
20RITI20090,1,90,1_90,1603
20RITI20091,1,91,1_91,1621
20RITI20092,1,92,1_92,1639
20RITI20093,1,93,1_93,1657
20RITI20094,1,94,1_94,1675
20RITI20095,1,95,1_95,1693
20RITI20096,1,96,1_96,1711
20RITI20097,1,97,1_97,1729
20RITI20098,1,98,1_98,1747
20RITI20099,1,99,1_99,1765
20RITI20100,1,100,1_100,1783
20RITI20101,2,1,2_1,2
20RITI20102,2,2,2_2,20
20RITI20103,2,3,2_3,38
20RITI20104,2,4,2_4,56
20RITI20105,2,5,2_5,74
20RITI20106,2,6,2_6,92
20RITI20107,2,7,2_7,110
20RITI20108,2,8,2_8,128
20RITI20109,2,9,2_9,146
20RITI20110,2,10,2_10,164
20RITI20111,2,11,2_11,182
20RITI20112,2,12,2_12,200
20RITI20113,2,13,2_13,218
20RITI20114,2,14,2_14,236
20RITI20115,2,15,2_15,254
20RITI20116,2,16,2_16,272
20RITI20117,2,17,2_17,290
20RITI20118,2,18,2_18,308
20RITI20119,2,19,2_19,326
20RITI20120,2,20,2_20,344
20RITI20121,2,21,2_21,362
20RITI20122,2,22,2_22,380
20RITI20123,2,23,2_23,398
20RITI20124,2,24,2_24,416
20RITI20125,2,25,2_25,434
20RITI20126,2,26,2_26,452
20RITI20127,2,27,2_27,470
20RITI20128,2,28,2_28,488
20RITI20129,2,29,2_29,506
20RITI20130,2,30,2_30,524
20RITI20131,2,31,2_31,542
20RITI20132,2,32,2_32,560
20RITI20133,2,33,2_33,578
20RITI20134,2,34,2_34,596
20RITI20135,2,35,2_35,614
20RITI20136,2,36,2_36,632
20RITI20137,2,37,2_37,650
20RITI20138,2,38,2_38,668
20RITI20139,2,39,2_39,686
20RITI20140,2,40,2_40,704
20RITI20141,2,41,2_41,722
20RITI20142,2,42,2_42,740
20RITI20143,2,43,2_43,758
20RITI20144,2,44,2_44,776
20RITI20145,2,45,2_45,794
20RITI20146,2,46,2_46,812
20RITI20147,2,47,2_47,830
20RITI20148,2,48,2_48,848
20RITI20149,2,49,2_49,866
20RITI20150,2,50,2_50,884
20RITI20151,2,51,2_51,902
20RITI20152,2,52,2_52,920
20RITI20153,2,53,2_53,938
20RITI20154,2,54,2_54,956
20RITI20155,2,55,2_55,974
20RITI20156,2,56,2_56,992
20RITI20157,2,57,2_57,1010
20RITI20158,2,58,2_58,1028
20RITI20159,2,59,2_59,1046
20RITI20160,2,60,2_60,1064
20RITI20161,2,61,2_61,1082
20RITI20162,2,62,2_62,1100
20RITI20163,2,63,2_63,1118
20RITI20164,2,64,2_64,1136
20RITI20165,2,65,2_65,1154
20RITI20166,2,66,2_66,1172
20RITI20167,2,67,2_67,1190
20RITI20168,2,68,2_68,1208
20RITI20169,2,69,2_69,1226
20RITI20170,2,70,2_70,1244
20RITI20171,2,71,2_71,1262
20RITI20172,2,72,2_72,1280
20RITI20173,2,73,2_73,1298
20RITI20174,2,74,2_74,1316
20RITI20175,2,75,2_75,1334
20RITI20176,2,76,2_76,1352
20RITI20177,2,77,2_77,1370
20RITI20178,2,78,2_78,1388
20RITI20179,2,79,2_79,1406
20RITI20180,2,80,2_80,1424
20RITI20181,2,81,2_81,1442
20RITI20182,2,82,2_82,1460
20RITI20183,2,83,2_83,1478
20RITI20184,2,84,2_84,1496
20RITI20185,2,85,2_85,1514
20RITI20186,2,86,2_86,1532
20RITI20187,2,87,2_87,1550
20RITI20188,2,88,2_88,1568
20RITI20189,2,89,2_89,1586
20RITI20190,2,90,2_90,1604
20RITI20191,2,91,2_91,1622
20RITI20192,2,92,2_92,1640
20RITI20193,2,93,2_93,1658
20RITI20194,2,94,2_94,1676
20RITI20195,2,95,2_95,1694
20RITI20196,2,96,2_96,1712
20RITI20197,2,97,2_97,1730
20RITI20198,2,98,2_98,1748
20RITI20199,2,99,2_99,1766
20RITI20200,2,100,2_100,1784
20RITI20201,3,1,3_1,3
20RITI20202,3,2,3_2,21
20RITI20203,3,3,3_3,39
20RITI20204,3,4,3_4,57
20RITI20205,3,5,3_5,75
20RITI20206,3,6,3_6,93
20RITI20207,3,7,3_7,111
20RITI20208,3,8,3_8,129
20RITI20209,3,9,3_9,147
20RITI20210,3,10,3_10,165
20RITI20211,3,11,3_11,183
20RITI20212,3,12,3_12,201
20RITI20213,3,13,3_13,219
20RITI20214,3,14,3_14,237
20RITI20215,3,15,3_15,255
20RITI20216,3,16,3_16,273
20RITI20217,3,17,3_17,291
20RITI20218,3,18,3_18,309
20RITI20219,3,19,3_19,327
20RITI20220,3,20,3_20,345
20RITI20221,3,21,3_21,363
20RITI20222,3,22,3_22,381
20RITI20223,3,23,3_23,399
20RITI20224,3,24,3_24,417
20RITI20225,3,25,3_25,435
20RITI20226,3,26,3_26,453
20RITI20227,3,27,3_27,471
20RITI20228,3,28,3_28,489
20RITI20229,3,29,3_29,507
20RITI20230,3,30,3_30,525
20RITI20231,3,31,3_31,543
20RITI20232,3,32,3_32,561
20RITI20233,3,33,3_33,579
20RITI20234,3,34,3_34,597
20RITI20235,3,35,3_35,615
20RITI20236,3,36,3_36,633
20RITI20237,3,37,3_37,651
20RITI20238,3,38,3_38,669
20RITI20239,3,39,3_39,687
20RITI20240,3,40,3_40,705
20RITI20241,3,41,3_41,723
20RITI20242,3,42,3_42,741
20RITI20243,3,43,3_43,759
20RITI20244,3,44,3_44,777
20RITI20245,3,45,3_45,795
20RITI20246,3,46,3_46,813
20RITI20247,3,47,3_47,831
20RITI20248,3,48,3_48,849
20RITI20249,3,49,3_49,867
20RITI20250,3,50,3_50,885
20RITI20251,3,51,3_51,903
20RITI20252,3,52,3_52,921
20RITI20253,3,53,3_53,939
20RITI20254,3,54,3_54,957
20RITI20255,3,55,3_55,975
20RITI20256,3,56,3_56,993
20RITI20257,3,57,3_57,1011
20RITI20258,3,58,3_58,1029
20RITI20259,3,59,3_59,1047
20RITI20260,3,60,3_60,1065
20RITI20261,3,61,3_61,1083
20RITI20262,3,62,3_62,1101
20RITI20263,3,63,3_63,1119
20RITI20264,3,64,3_64,1137
20RITI20265,3,65,3_65,1155
20RITI20266,3,66,3_66,1173
20RITI20267,3,67,3_67,1191
20RITI20268,3,68,3_68,1209
20RITI20269,3,69,3_69,1227
20RITI20270,3,70,3_70,1245
20RITI20271,3,71,3_71,1263
20RITI20272,3,72,3_72,1281
20RITI20273,3,73,3_73,1299
20RITI20274,3,74,3_74,1317
20RITI20275,3,75,3_75,1335
20RITI20276,3,76,3_76,1353
20RITI20277,3,77,3_77,1371
20RITI20278,3,78,3_78,1389
20RITI20279,3,79,3_79,1407
20RITI20280,3,80,3_80,1425
20RITI20281,3,81,3_81,1443
20RITI20282,3,82,3_82,1461
20RITI20283,3,83,3_83,1479
20RITI20284,3,84,3_84,1497
20RITI20285,3,85,3_85,1515
20RITI20286,3,86,3_86,1533
20RITI20287,3,87,3_87,1551
20RITI20288,3,88,3_88,1569
20RITI20289,3,89,3_89,1587
20RITI20290,3,90,3_90,1605
20RITI20291,3,91,3_91,1623
20RITI20292,3,92,3_92,1641
20RITI20293,3,93,3_93,1659
20RITI20294,3,94,3_94,1677
20RITI20295,3,95,3_95,1695
20RITI20296,3,96,3_96,1713
20RITI20297,3,97,3_97,1731
20RITI20298,3,98,3_98,1749
20RITI20299,3,99,3_99,1767
20RITI20300,3,100,3_100,1785
20RITI20301,4,1,4_1,4
20RITI20302,4,2,4_2,22
20RITI20303,4,3,4_3,40
20RITI20304,4,4,4_4,58
20RITI20305,4,5,4_5,76
20RITI20306,4,6,4_6,94
20RITI20307,4,7,4_7,112
20RITI20308,4,8,4_8,130
20RITI20309,4,9,4_9,148
20RITI20310,4,10,4_10,166
20RITI20311,4,11,4_11,184
20RITI20312,4,12,4_12,202
20RITI20313,4,13,4_13,220
20RITI20314,4,14,4_14,238
20RITI20315,4,15,4_15,256
20RITI20316,4,16,4_16,274
20RITI20317,4,17,4_17,292
20RITI20318,4,18,4_18,310
20RITI20319,4,19,4_19,328
20RITI20320,4,20,4_20,346
20RITI20321,4,21,4_21,364
20RITI20322,4,22,4_22,382
20RITI20323,4,23,4_23,400
20RITI20324,4,24,4_24,418
20RITI20325,4,25,4_25,436
20RITI20326,4,26,4_26,454
20RITI20327,4,27,4_27,472
20RITI20328,4,28,4_28,490
20RITI20329,4,29,4_29,508
20RITI20330,4,30,4_30,526
20RITI20331,4,31,4_31,544
20RITI20332,4,32,4_32,562
20RITI20333,4,33,4_33,580
20RITI20334,4,34,4_34,598
20RITI20335,4,35,4_35,616
20RITI20336,4,36,4_36,634
20RITI20337,4,37,4_37,652
20RITI20338,4,38,4_38,670
20RITI20339,4,39,4_39,688
20RITI20340,4,40,4_40,706
20RITI20341,4,41,4_41,724
20RITI20342,4,42,4_42,742
20RITI20343,4,43,4_43,760
20RITI20344,4,44,4_44,778
20RITI20345,4,45,4_45,796
20RITI20346,4,46,4_46,814
20RITI20347,4,47,4_47,832
20RITI20348,4,48,4_48,850
20RITI20349,4,49,4_49,868
20RITI20350,4,50,4_50,886
20RITI20351,4,51,4_51,904
20RITI20352,4,52,4_52,922
20RITI20353,4,53,4_53,940
20RITI20354,4,54,4_54,958
20RITI20355,4,55,4_55,976
20RITI20356,4,56,4_56,994
20RITI20357,4,57,4_57,1012
20RITI20358,4,58,4_58,1030
20RITI20359,4,59,4_59,1048
20RITI20360,4,60,4_60,1066
20RITI20361,4,61,4_61,1084
20RITI20362,4,62,4_62,1102
20RITI20363,4,63,4_63,1120
20RITI20364,4,64,4_64,1138
20RITI20365,4,65,4_65,1156
20RITI20366,4,66,4_66,1174
20RITI20367,4,67,4_67,1192
20RITI20368,4,68,4_68,1210
20RITI20369,4,69,4_69,1228
20RITI20370,4,70,4_70,1246
20RITI20371,4,71,4_71,1264
20RITI20372,4,72,4_72,1282
20RITI20373,4,73,4_73,1300
20RITI20374,4,74,4_74,1318
20RITI20375,4,75,4_75,1336
20RITI20376,4,76,4_76,1354
20RITI20377,4,77,4_77,1372
20RITI20378,4,78,4_78,1390
20RITI20379,4,79,4_79,1408
20RITI20380,4,80,4_80,1426
20RITI20381,4,81,4_81,1444
20RITI20382,4,82,4_82,1462
20RITI20383,4,83,4_83,1480
20RITI20384,4,84,4_84,1498
20RITI20385,4,85,4_85,1516
20RITI20386,4,86,4_86,1534
20RITI20387,4,87,4_87,1552
20RITI20388,4,88,4_88,1570
20RITI20389,4,89,4_89,1588
20RITI20390,4,90,4_90,1606
20RITI20391,4,91,4_91,1624
20RITI20392,4,92,4_92,1642
20RITI20393,4,93,4_93,1660
20RITI20394,4,94,4_94,1678
20RITI20395,4,95,4_95,1696
20RITI20396,4,96,4_96,1714
20RITI20397,4,97,4_97,1732
20RITI20398,4,98,4_98,1750
20RITI20399,4,99,4_99,1768
20RITI20400,4,100,4_100,1786
20RITI20401,5,1,5_1,5
20RITI20402,5,2,5_2,23
20RITI20403,5,3,5_3,41
20RITI20404,5,4,5_4,59
20RITI20405,5,5,5_5,77
20RITI20406,5,6,5_6,95
20RITI20407,5,7,5_7,113
20RITI20408,5,8,5_8,131
20RITI20409,5,9,5_9,149
20RITI20410,5,10,5_10,167
20RITI20411,5,11,5_11,185
20RITI20412,5,12,5_12,203
20RITI20413,5,13,5_13,221
20RITI20414,5,14,5_14,239
20RITI20415,5,15,5_15,257
20RITI20416,5,16,5_16,275
20RITI20417,5,17,5_17,293
20RITI20418,5,18,5_18,311
20RITI20419,5,19,5_19,329
20RITI20420,5,20,5_20,347
20RITI20421,5,21,5_21,365
20RITI20422,5,22,5_22,383
20RITI20423,5,23,5_23,401
20RITI20424,5,24,5_24,419
20RITI20425,5,25,5_25,437
20RITI20426,5,26,5_26,455
20RITI20427,5,27,5_27,473
20RITI20428,5,28,5_28,491
20RITI20429,5,29,5_29,509
20RITI20430,5,30,5_30,527
20RITI20431,5,31,5_31,545
20RITI20432,5,32,5_32,563
20RITI20433,5,33,5_33,581
20RITI20434,5,34,5_34,599
20RITI20435,5,35,5_35,617
20RITI20436,5,36,5_36,635
20RITI20437,5,37,5_37,653
20RITI20438,5,38,5_38,671
20RITI20439,5,39,5_39,689
20RITI20440,5,40,5_40,707
20RITI20441,5,41,5_41,725
20RITI20442,5,42,5_42,743
20RITI20443,5,43,5_43,761
20RITI20444,5,44,5_44,779
20RITI20445,5,45,5_45,797
20RITI20446,5,46,5_46,815
20RITI20447,5,47,5_47,833
20RITI20448,5,48,5_48,851
20RITI20449,5,49,5_49,869
20RITI20450,5,50,5_50,887
20RITI20451,5,51,5_51,905
20RITI20452,5,52,5_52,923
20RITI20453,5,53,5_53,941
20RITI20454,5,54,5_54,959
20RITI20455,5,55,5_55,977
20RITI20456,5,56,5_56,995
20RITI20457,5,57,5_57,1013
20RITI20458,5,58,5_58,1031
20RITI20459,5,59,5_59,1049
20RITI20460,5,60,5_60,1067
20RITI20461,5,61,5_61,1085
20RITI20462,5,62,5_62,1103
20RITI20463,5,63,5_63,1121
20RITI20464,5,64,5_64,1139
20RITI20465,5,65,5_65,1157
20RITI20466,5,66,5_66,1175
20RITI20467,5,67,5_67,1193
20RITI20468,5,68,5_68,1211
20RITI20469,5,69,5_69,1229
20RITI20470,5,70,5_70,1247
20RITI20471,5,71,5_71,1265
20RITI20472,5,72,5_72,1283
20RITI20473,5,73,5_73,1301
20RITI20474,5,74,5_74,1319
20RITI20475,5,75,5_75,1337
20RITI20476,5,76,5_76,1355
20RITI20477,5,77,5_77,1373
20RITI20478,5,78,5_78,1391
20RITI20479,5,79,5_79,1409
20RITI20480,5,80,5_80,1427
20RITI20481,5,81,5_81,1445
20RITI20482,5,82,5_82,1463
20RITI20483,5,83,5_83,1481
20RITI20484,5,84,5_84,1499
20RITI20485,5,85,5_85,1517
20RITI20486,5,86,5_86,1535
20RITI20487,5,87,5_87,1553
20RITI20488,5,88,5_88,1571
20RITI20489,5,89,5_89,1589
20RITI20490,5,90,5_90,1607
20RITI20491,5,91,5_91,1625
20RITI20492,5,92,5_92,1643
20RITI20493,5,93,5_93,1661
20RITI20494,5,94,5_94,1679
20RITI20495,5,95,5_95,1697
20RITI20496,5,96,5_96,1715
20RITI20497,5,97,5_97,1733
20RITI20498,5,98,5_98,1751
20RITI20499,5,99,5_99,1769
20RITI20500,5,100,5_100,1787
20RITI20501,6,1,6_1,6
20RITI20502,6,2,6_2,24
20RITI20503,6,3,6_3,42
20RITI20504,6,4,6_4,60
20RITI20505,6,5,6_5,78
20RITI20506,6,6,6_6,96
20RITI20507,6,7,6_7,114
20RITI20508,6,8,6_8,132
20RITI20509,6,9,6_9,150
20RITI20510,6,10,6_10,168
20RITI20511,6,11,6_11,186
20RITI20512,6,12,6_12,204
20RITI20513,6,13,6_13,222
20RITI20514,6,14,6_14,240
20RITI20515,6,15,6_15,258
20RITI20516,6,16,6_16,276
20RITI20517,6,17,6_17,294
20RITI20518,6,18,6_18,312
20RITI20519,6,19,6_19,330
20RITI20520,6,20,6_20,348
20RITI20521,6,21,6_21,366
20RITI20522,6,22,6_22,384
20RITI20523,6,23,6_23,402
20RITI20524,6,24,6_24,420
20RITI20525,6,25,6_25,438
20RITI20526,6,26,6_26,456
20RITI20527,6,27,6_27,474
20RITI20528,6,28,6_28,492
20RITI20529,6,29,6_29,510
20RITI20530,6,30,6_30,528
20RITI20531,6,31,6_31,546
20RITI20532,6,32,6_32,564
20RITI20533,6,33,6_33,582
20RITI20534,6,34,6_34,600
20RITI20535,6,35,6_35,618
20RITI20536,6,36,6_36,636
20RITI20537,6,37,6_37,654
20RITI20538,6,38,6_38,672
20RITI20539,6,39,6_39,690
20RITI20540,6,40,6_40,708
20RITI20541,6,41,6_41,726
20RITI20542,6,42,6_42,744
20RITI20543,6,43,6_43,762
20RITI20544,6,44,6_44,780
20RITI20545,6,45,6_45,798
20RITI20546,6,46,6_46,816
20RITI20547,6,47,6_47,834
20RITI20548,6,48,6_48,852
20RITI20549,6,49,6_49,870
20RITI20550,6,50,6_50,888
20RITI20551,6,51,6_51,906
20RITI20552,6,52,6_52,924
20RITI20553,6,53,6_53,942
20RITI20554,6,54,6_54,960
20RITI20555,6,55,6_55,978
20RITI20556,6,56,6_56,996
20RITI20557,6,57,6_57,1014
20RITI20558,6,58,6_58,1032
20RITI20559,6,59,6_59,1050
20RITI20560,6,60,6_60,1068
20RITI20561,6,61,6_61,1086
20RITI20562,6,62,6_62,1104
20RITI20563,6,63,6_63,1122
20RITI20564,6,64,6_64,1140
20RITI20565,6,65,6_65,1158
20RITI20566,6,66,6_66,1176
20RITI20567,6,67,6_67,1194
20RITI20568,6,68,6_68,1212
20RITI20569,6,69,6_69,1230
20RITI20570,6,70,6_70,1248
20RITI20571,6,71,6_71,1266
20RITI20572,6,72,6_72,1284
20RITI20573,6,73,6_73,1302
20RITI20574,6,74,6_74,1320
20RITI20575,6,75,6_75,1338
20RITI20576,6,76,6_76,1356
20RITI20577,6,77,6_77,1374
20RITI20578,6,78,6_78,1392
20RITI20579,6,79,6_79,1410
20RITI20580,6,80,6_80,1428
20RITI20581,6,81,6_81,1446
20RITI20582,6,82,6_82,1464
20RITI20583,6,83,6_83,1482
20RITI20584,6,84,6_84,1500
20RITI20585,6,85,6_85,1518
20RITI20586,6,86,6_86,1536
20RITI20587,6,87,6_87,1554
20RITI20588,6,88,6_88,1572
20RITI20589,6,89,6_89,1590
20RITI20590,6,90,6_90,1608
20RITI20591,6,91,6_91,1626
20RITI20592,6,92,6_92,1644
20RITI20593,6,93,6_93,1662
20RITI20594,6,94,6_94,1680
20RITI20595,6,95,6_95,1698
20RITI20596,6,96,6_96,1716
20RITI20597,6,97,6_97,1734
20RITI20598,6,98,6_98,1752
20RITI20599,6,99,6_99,1770
20RITI20600,6,100,6_100,1788
20RITI20601,7,1,7_1,7
20RITI20602,7,2,7_2,25
20RITI20603,7,3,7_3,43
20RITI20604,7,4,7_4,61
20RITI20605,7,5,7_5,79
20RITI20606,7,6,7_6,97
20RITI20607,7,7,7_7,115
20RITI20608,7,8,7_8,133
20RITI20609,7,9,7_9,151
20RITI20610,7,10,7_10,169
20RITI20611,7,11,7_11,187
20RITI20612,7,12,7_12,205
20RITI20613,7,13,7_13,223
20RITI20614,7,14,7_14,241
20RITI20615,7,15,7_15,259
20RITI20616,7,16,7_16,277
20RITI20617,7,17,7_17,295
20RITI20618,7,18,7_18,313
20RITI20619,7,19,7_19,331
20RITI20620,7,20,7_20,349
20RITI20621,7,21,7_21,367
20RITI20622,7,22,7_22,385
20RITI20623,7,23,7_23,403
20RITI20624,7,24,7_24,421
20RITI20625,7,25,7_25,439
20RITI20626,7,26,7_26,457
20RITI20627,7,27,7_27,475
20RITI20628,7,28,7_28,493
20RITI20629,7,29,7_29,511
20RITI20630,7,30,7_30,529
20RITI20631,7,31,7_31,547
20RITI20632,7,32,7_32,565
20RITI20633,7,33,7_33,583
20RITI20634,7,34,7_34,601
20RITI20635,7,35,7_35,619
20RITI20636,7,36,7_36,637
20RITI20637,7,37,7_37,655
20RITI20638,7,38,7_38,673
20RITI20639,7,39,7_39,691
20RITI20640,7,40,7_40,709
20RITI20641,7,41,7_41,727
20RITI20642,7,42,7_42,745
20RITI20643,7,43,7_43,763
20RITI20644,7,44,7_44,781
20RITI20645,7,45,7_45,799
20RITI20646,7,46,7_46,817
20RITI20647,7,47,7_47,835
20RITI20648,7,48,7_48,853
20RITI20649,7,49,7_49,871
20RITI20650,7,50,7_50,889
20RITI20651,7,51,7_51,907
20RITI20652,7,52,7_52,925
20RITI20653,7,53,7_53,943
20RITI20654,7,54,7_54,961
20RITI20655,7,55,7_55,979
20RITI20656,7,56,7_56,997
20RITI20657,7,57,7_57,1015
20RITI20658,7,58,7_58,1033
20RITI20659,7,59,7_59,1051
20RITI20660,7,60,7_60,1069
20RITI20661,7,61,7_61,1087
20RITI20662,7,62,7_62,1105
20RITI20663,7,63,7_63,1123
20RITI20664,7,64,7_64,1141
20RITI20665,7,65,7_65,1159
20RITI20666,7,66,7_66,1177
20RITI20667,7,67,7_67,1195
20RITI20668,7,68,7_68,1213
20RITI20669,7,69,7_69,1231
20RITI20670,7,70,7_70,1249
20RITI20671,7,71,7_71,1267
20RITI20672,7,72,7_72,1285
20RITI20673,7,73,7_73,1303
20RITI20674,7,74,7_74,1321
20RITI20675,7,75,7_75,1339
20RITI20676,7,76,7_76,1357
20RITI20677,7,77,7_77,1375
20RITI20678,7,78,7_78,1393
20RITI20679,7,79,7_79,1411
20RITI20680,7,80,7_80,1429
20RITI20681,7,81,7_81,1447
20RITI20682,7,82,7_82,1465
20RITI20683,7,83,7_83,1483
20RITI20684,7,84,7_84,1501
20RITI20685,7,85,7_85,1519
20RITI20686,7,86,7_86,1537
20RITI20687,7,87,7_87,1555
20RITI20688,7,88,7_88,1573
20RITI20689,7,89,7_89,1591
20RITI20690,7,90,7_90,1609
20RITI20691,7,91,7_91,1627
20RITI20692,7,92,7_92,1645
20RITI20693,7,93,7_93,1663
20RITI20694,7,94,7_94,1681
20RITI20695,7,95,7_95,1699
20RITI20696,7,96,7_96,1717
20RITI20697,7,97,7_97,1735
20RITI20698,7,98,7_98,1753
20RITI20699,7,99,7_99,1771
20RITI20700,7,100,7_100,1789
20RITI20701,8,1,8_1,8
20RITI20702,8,2,8_2,26
20RITI20703,8,3,8_3,44
20RITI20704,8,4,8_4,62
20RITI20705,8,5,8_5,80
20RITI20706,8,6,8_6,98
20RITI20707,8,7,8_7,116
20RITI20708,8,8,8_8,134
20RITI20709,8,9,8_9,152
20RITI20710,8,10,8_10,170
20RITI20711,8,11,8_11,188
20RITI20712,8,12,8_12,206
20RITI20713,8,13,8_13,224
20RITI20714,8,14,8_14,242
20RITI20715,8,15,8_15,260
20RITI20716,8,16,8_16,278
20RITI20717,8,17,8_17,296
20RITI20718,8,18,8_18,314
20RITI20719,8,19,8_19,332
20RITI20720,8,20,8_20,350
20RITI20721,8,21,8_21,368
20RITI20722,8,22,8_22,386
20RITI20723,8,23,8_23,404
20RITI20724,8,24,8_24,422
20RITI20725,8,25,8_25,440
20RITI20726,8,26,8_26,458
20RITI20727,8,27,8_27,476
20RITI20728,8,28,8_28,494
20RITI20729,8,29,8_29,512
20RITI20730,8,30,8_30,530
20RITI20731,8,31,8_31,548
20RITI20732,8,32,8_32,566
20RITI20733,8,33,8_33,584
20RITI20734,8,34,8_34,602
20RITI20735,8,35,8_35,620
20RITI20736,8,36,8_36,638
20RITI20737,8,37,8_37,656
20RITI20738,8,38,8_38,674
20RITI20739,8,39,8_39,692
20RITI20740,8,40,8_40,710
20RITI20741,8,41,8_41,728
20RITI20742,8,42,8_42,746
20RITI20743,8,43,8_43,764
20RITI20744,8,44,8_44,782
20RITI20745,8,45,8_45,800
20RITI20746,8,46,8_46,818
20RITI20747,8,47,8_47,836
20RITI20748,8,48,8_48,854
20RITI20749,8,49,8_49,872
20RITI20750,8,50,8_50,890
20RITI20751,8,51,8_51,908
20RITI20752,8,52,8_52,926
20RITI20753,8,53,8_53,944
20RITI20754,8,54,8_54,962
20RITI20755,8,55,8_55,980
20RITI20756,8,56,8_56,998
20RITI20757,8,57,8_57,1016
20RITI20758,8,58,8_58,1034
20RITI20759,8,59,8_59,1052
20RITI20760,8,60,8_60,1070
20RITI20761,8,61,8_61,1088
20RITI20762,8,62,8_62,1106
20RITI20763,8,63,8_63,1124
20RITI20764,8,64,8_64,1142
20RITI20765,8,65,8_65,1160
20RITI20766,8,66,8_66,1178
20RITI20767,8,67,8_67,1196
20RITI20768,8,68,8_68,1214
20RITI20769,8,69,8_69,1232
20RITI20770,8,70,8_70,1250
20RITI20771,8,71,8_71,1268
20RITI20772,8,72,8_72,1286
20RITI20773,8,73,8_73,1304
20RITI20774,8,74,8_74,1322
20RITI20775,8,75,8_75,1340
20RITI20776,8,76,8_76,1358
20RITI20777,8,77,8_77,1376
20RITI20778,8,78,8_78,1394
20RITI20779,8,79,8_79,1412
20RITI20780,8,80,8_80,1430
20RITI20781,8,81,8_81,1448
20RITI20782,8,82,8_82,1466
20RITI20783,8,83,8_83,1484
20RITI20784,8,84,8_84,1502
20RITI20785,8,85,8_85,1520
20RITI20786,8,86,8_86,1538
20RITI20787,8,87,8_87,1556
20RITI20788,8,88,8_88,1574
20RITI20789,8,89,8_89,1592
20RITI20790,8,90,8_90,1610
20RITI20791,8,91,8_91,1628
20RITI20792,8,92,8_92,1646
20RITI20793,8,93,8_93,1664
20RITI20794,8,94,8_94,1682
20RITI20795,8,95,8_95,1700
20RITI20796,8,96,8_96,1718
20RITI20797,8,97,8_97,1736
20RITI20798,8,98,8_98,1754
20RITI20799,8,99,8_99,1772
20RITI20800,8,100,8_100,1790
20RITI20801,9,1,9_1,9
20RITI20802,9,2,9_2,27
20RITI20803,9,3,9_3,45
20RITI20804,9,4,9_4,63
20RITI20805,9,5,9_5,81
20RITI20806,9,6,9_6,99
20RITI20807,9,7,9_7,117
20RITI20808,9,8,9_8,135
20RITI20809,9,9,9_9,153
20RITI20810,9,10,9_10,171
20RITI20811,9,11,9_11,189
20RITI20812,9,12,9_12,207
20RITI20813,9,13,9_13,225
20RITI20814,9,14,9_14,243
20RITI20815,9,15,9_15,261
20RITI20816,9,16,9_16,279
20RITI20817,9,17,9_17,297
20RITI20818,9,18,9_18,315
20RITI20819,9,19,9_19,333
20RITI20820,9,20,9_20,351
20RITI20821,9,21,9_21,369
20RITI20822,9,22,9_22,387
20RITI20823,9,23,9_23,405
20RITI20824,9,24,9_24,423
20RITI20825,9,25,9_25,441
20RITI20826,9,26,9_26,459
20RITI20827,9,27,9_27,477
20RITI20828,9,28,9_28,495
20RITI20829,9,29,9_29,513
20RITI20830,9,30,9_30,531
20RITI20831,9,31,9_31,549
20RITI20832,9,32,9_32,567
20RITI20833,9,33,9_33,585
20RITI20834,9,34,9_34,603
20RITI20835,9,35,9_35,621
20RITI20836,9,36,9_36,639
20RITI20837,9,37,9_37,657
20RITI20838,9,38,9_38,675
20RITI20839,9,39,9_39,693
20RITI20840,9,40,9_40,711
20RITI20841,9,41,9_41,729
20RITI20842,9,42,9_42,747
20RITI20843,9,43,9_43,765
20RITI20844,9,44,9_44,783
20RITI20845,9,45,9_45,801
20RITI20846,9,46,9_46,819
20RITI20847,9,47,9_47,837
20RITI20848,9,48,9_48,855
20RITI20849,9,49,9_49,873
20RITI20850,9,50,9_50,891
20RITI20851,9,51,9_51,909
20RITI20852,9,52,9_52,927
20RITI20853,9,53,9_53,945
20RITI20854,9,54,9_54,963
20RITI20855,9,55,9_55,981
20RITI20856,9,56,9_56,999
20RITI20857,9,57,9_57,1017
20RITI20858,9,58,9_58,1035
20RITI20859,9,59,9_59,1053
20RITI20860,9,60,9_60,1071
20RITI20861,9,61,9_61,1089
20RITI20862,9,62,9_62,1107
20RITI20863,9,63,9_63,1125
20RITI20864,9,64,9_64,1143
20RITI20865,9,65,9_65,1161
20RITI20866,9,66,9_66,1179
20RITI20867,9,67,9_67,1197
20RITI20868,9,68,9_68,1215
20RITI20869,9,69,9_69,1233
20RITI20870,9,70,9_70,1251
20RITI20871,9,71,9_71,1269
20RITI20872,9,72,9_72,1287
20RITI20873,9,73,9_73,1305
20RITI20874,9,74,9_74,1323
20RITI20875,9,75,9_75,1341
20RITI20876,9,76,9_76,1359
20RITI20877,9,77,9_77,1377
20RITI20878,9,78,9_78,1395
20RITI20879,9,79,9_79,1413
20RITI20880,9,80,9_80,1431
20RITI20881,9,81,9_81,1449
20RITI20882,9,82,9_82,1467
20RITI20883,9,83,9_83,1485
20RITI20884,9,84,9_84,1503
20RITI20885,9,85,9_85,1521
20RITI20886,9,86,9_86,1539
20RITI20887,9,87,9_87,1557
20RITI20888,9,88,9_88,1575
20RITI20889,9,89,9_89,1593
20RITI20890,9,90,9_90,1611
20RITI20891,9,91,9_91,1629
20RITI20892,9,92,9_92,1647
20RITI20893,9,93,9_93,1665
20RITI20894,9,94,9_94,1683
20RITI20895,9,95,9_95,1701
20RITI20896,9,96,9_96,1719
20RITI20897,9,97,9_97,1737
20RITI20898,9,98,9_98,1755
20RITI20899,9,99,9_99,1773
20RITI20900,9,100,9_100,1791
20RITI20901,10,1,10_1,10
20RITI20902,10,2,10_2,28
20RITI20903,10,3,10_3,46
20RITI20904,10,4,10_4,64
20RITI20905,10,5,10_5,82
20RITI20906,10,6,10_6,100
20RITI20907,10,7,10_7,118
20RITI20908,10,8,10_8,136
20RITI20909,10,9,10_9,154
20RITI20910,10,10,10_10,172
20RITI20911,10,11,10_11,190
20RITI20912,10,12,10_12,208
20RITI20913,10,13,10_13,226
20RITI20914,10,14,10_14,244
20RITI20915,10,15,10_15,262
20RITI20916,10,16,10_16,280
20RITI20917,10,17,10_17,298
20RITI20918,10,18,10_18,316
20RITI20919,10,19,10_19,334
20RITI20920,10,20,10_20,352
20RITI20921,10,21,10_21,370
20RITI20922,10,22,10_22,388
20RITI20923,10,23,10_23,406
20RITI20924,10,24,10_24,424
20RITI20925,10,25,10_25,442
20RITI20926,10,26,10_26,460
20RITI20927,10,27,10_27,478
20RITI20928,10,28,10_28,496
20RITI20929,10,29,10_29,514
20RITI20930,10,30,10_30,532
20RITI20931,10,31,10_31,550
20RITI20932,10,32,10_32,568
20RITI20933,10,33,10_33,586
20RITI20934,10,34,10_34,604
20RITI20935,10,35,10_35,622
20RITI20936,10,36,10_36,640
20RITI20937,10,37,10_37,658
20RITI20938,10,38,10_38,676
20RITI20939,10,39,10_39,694
20RITI20940,10,40,10_40,712
20RITI20941,10,41,10_41,730
20RITI20942,10,42,10_42,748
20RITI20943,10,43,10_43,766
20RITI20944,10,44,10_44,784
20RITI20945,10,45,10_45,802
20RITI20946,10,46,10_46,820
20RITI20947,10,47,10_47,838
20RITI20948,10,48,10_48,856
20RITI20949,10,49,10_49,874
20RITI20950,10,50,10_50,892
20RITI20951,10,51,10_51,910
20RITI20952,10,52,10_52,928
20RITI20953,10,53,10_53,946
20RITI20954,10,54,10_54,964
20RITI20955,10,55,10_55,982
20RITI20956,10,56,10_56,1000
20RITI20957,10,57,10_57,1018
20RITI20958,10,58,10_58,1036
20RITI20959,10,59,10_59,1054
20RITI20960,10,60,10_60,1072
20RITI20961,10,61,10_61,1090
20RITI20962,10,62,10_62,1108
20RITI20963,10,63,10_63,1126
20RITI20964,10,64,10_64,1144
20RITI20965,10,65,10_65,1162
20RITI20966,10,66,10_66,1180
20RITI20967,10,67,10_67,1198
20RITI20968,10,68,10_68,1216
20RITI20969,10,69,10_69,1234
20RITI20970,10,70,10_70,1252
20RITI20971,10,71,10_71,1270
20RITI20972,10,72,10_72,1288
20RITI20973,10,73,10_73,1306
20RITI20974,10,74,10_74,1324
20RITI20975,10,75,10_75,1342
20RITI20976,10,76,10_76,1360
20RITI20977,10,77,10_77,1378
20RITI20978,10,78,10_78,1396
20RITI20979,10,79,10_79,1414
20RITI20980,10,80,10_80,1432
20RITI20981,10,81,10_81,1450
20RITI20982,10,82,10_82,1468
20RITI20983,10,83,10_83,1486
20RITI20984,10,84,10_84,1504
20RITI20985,10,85,10_85,1522
20RITI20986,10,86,10_86,1540
20RITI20987,10,87,10_87,1558
20RITI20988,10,88,10_88,1576
20RITI20989,10,89,10_89,1594
20RITI20990,10,90,10_90,1612
20RITI20991,10,91,10_91,1630
20RITI20992,10,92,10_92,1648
20RITI20993,10,93,10_93,1666
20RITI20994,10,94,10_94,1684
20RITI20995,10,95,10_95,1702
20RITI20996,10,96,10_96,1720
20RITI20997,10,97,10_97,1738
20RITI20998,10,98,10_98,1756
20RITI20999,10,99,10_99,1774
20RITI21000,10,100,10_100,1792
20RITI21001,11,1,11_1,11
20RITI21002,11,2,11_2,29
20RITI21003,11,3,11_3,47
20RITI21004,11,4,11_4,65
20RITI21005,11,5,11_5,83
20RITI21006,11,6,11_6,101
20RITI21007,11,7,11_7,119
20RITI21008,11,8,11_8,137
20RITI21009,11,9,11_9,155
20RITI21010,11,10,11_10,173
20RITI21011,11,11,11_11,191
20RITI21012,11,12,11_12,209
20RITI21013,11,13,11_13,227
20RITI21014,11,14,11_14,245
20RITI21015,11,15,11_15,263
20RITI21016,11,16,11_16,281
20RITI21017,11,17,11_17,299
20RITI21018,11,18,11_18,317
20RITI21019,11,19,11_19,335
20RITI21020,11,20,11_20,353
20RITI21021,11,21,11_21,371
20RITI21022,11,22,11_22,389
20RITI21023,11,23,11_23,407
20RITI21024,11,24,11_24,425
20RITI21025,11,25,11_25,443
20RITI21026,11,26,11_26,461
20RITI21027,11,27,11_27,479
20RITI21028,11,28,11_28,497
20RITI21029,11,29,11_29,515
20RITI21030,11,30,11_30,533
20RITI21031,11,31,11_31,551
20RITI21032,11,32,11_32,569
20RITI21033,11,33,11_33,587
20RITI21034,11,34,11_34,605
20RITI21035,11,35,11_35,623
20RITI21036,11,36,11_36,641
20RITI21037,11,37,11_37,659
20RITI21038,11,38,11_38,677
20RITI21039,11,39,11_39,695
20RITI21040,11,40,11_40,713
20RITI21041,11,41,11_41,731
20RITI21042,11,42,11_42,749
20RITI21043,11,43,11_43,767
20RITI21044,11,44,11_44,785
20RITI21045,11,45,11_45,803
20RITI21046,11,46,11_46,821
20RITI21047,11,47,11_47,839
20RITI21048,11,48,11_48,857
20RITI21049,11,49,11_49,875
20RITI21050,11,50,11_50,893
20RITI21051,11,51,11_51,911
20RITI21052,11,52,11_52,929
20RITI21053,11,53,11_53,947
20RITI21054,11,54,11_54,965
20RITI21055,11,55,11_55,983
20RITI21056,11,56,11_56,1001
20RITI21057,11,57,11_57,1019
20RITI21058,11,58,11_58,1037
20RITI21059,11,59,11_59,1055
20RITI21060,11,60,11_60,1073
20RITI21061,11,61,11_61,1091
20RITI21062,11,62,11_62,1109
20RITI21063,11,63,11_63,1127
20RITI21064,11,64,11_64,1145
20RITI21065,11,65,11_65,1163
20RITI21066,11,66,11_66,1181
20RITI21067,11,67,11_67,1199
20RITI21068,11,68,11_68,1217
20RITI21069,11,69,11_69,1235
20RITI21070,11,70,11_70,1253
20RITI21071,11,71,11_71,1271
20RITI21072,11,72,11_72,1289
20RITI21073,11,73,11_73,1307
20RITI21074,11,74,11_74,1325
20RITI21075,11,75,11_75,1343
20RITI21076,11,76,11_76,1361
20RITI21077,11,77,11_77,1379
20RITI21078,11,78,11_78,1397
20RITI21079,11,79,11_79,1415
20RITI21080,11,80,11_80,1433
20RITI21081,11,81,11_81,1451
20RITI21082,11,82,11_82,1469
20RITI21083,11,83,11_83,1487
20RITI21084,11,84,11_84,1505
20RITI21085,11,85,11_85,1523
20RITI21086,11,86,11_86,1541
20RITI21087,11,87,11_87,1559
20RITI21088,11,88,11_88,1577
20RITI21089,11,89,11_89,1595
20RITI21090,11,90,11_90,1613
20RITI21091,11,91,11_91,1631
20RITI21092,11,92,11_92,1649
20RITI21093,11,93,11_93,1667
20RITI21094,11,94,11_94,1685
20RITI21095,11,95,11_95,1703
20RITI21096,11,96,11_96,1721
20RITI21097,11,97,11_97,1739
20RITI21098,11,98,11_98,1757
20RITI21099,11,99,11_99,1775
20RITI21100,11,100,11_100,1793
20RITI21101,12,1,12_1,12
20RITI21102,12,2,12_2,30
20RITI21103,12,3,12_3,48
20RITI21104,12,4,12_4,66
20RITI21105,12,5,12_5,84
20RITI21106,12,6,12_6,102
20RITI21107,12,7,12_7,120
20RITI21108,12,8,12_8,138
20RITI21109,12,9,12_9,156
20RITI21110,12,10,12_10,174
20RITI21111,12,11,12_11,192
20RITI21112,12,12,12_12,210
20RITI21113,12,13,12_13,228
20RITI21114,12,14,12_14,246
20RITI21115,12,15,12_15,264
20RITI21116,12,16,12_16,282
20RITI21117,12,17,12_17,300
20RITI21118,12,18,12_18,318
20RITI21119,12,19,12_19,336
20RITI21120,12,20,12_20,354
20RITI21121,12,21,12_21,372
20RITI21122,12,22,12_22,390
20RITI21123,12,23,12_23,408
20RITI21124,12,24,12_24,426
20RITI21125,12,25,12_25,444
20RITI21126,12,26,12_26,462
20RITI21127,12,27,12_27,480
20RITI21128,12,28,12_28,498
20RITI21129,12,29,12_29,516
20RITI21130,12,30,12_30,534
20RITI21131,12,31,12_31,552
20RITI21132,12,32,12_32,570
20RITI21133,12,33,12_33,588
20RITI21134,12,34,12_34,606
20RITI21135,12,35,12_35,624
20RITI21136,12,36,12_36,642
20RITI21137,12,37,12_37,660
20RITI21138,12,38,12_38,678
20RITI21139,12,39,12_39,696
20RITI21140,12,40,12_40,714
20RITI21141,12,41,12_41,732
20RITI21142,12,42,12_42,750
20RITI21143,12,43,12_43,768
20RITI21144,12,44,12_44,786
20RITI21145,12,45,12_45,804
20RITI21146,12,46,12_46,822
20RITI21147,12,47,12_47,840
20RITI21148,12,48,12_48,858
20RITI21149,12,49,12_49,876
20RITI21150,12,50,12_50,894
20RITI21151,12,51,12_51,912
20RITI21152,12,52,12_52,930
20RITI21153,12,53,12_53,948
20RITI21154,12,54,12_54,966
20RITI21155,12,55,12_55,984
20RITI21156,12,56,12_56,1002
20RITI21157,12,57,12_57,1020
20RITI21158,12,58,12_58,1038
20RITI21159,12,59,12_59,1056
20RITI21160,12,60,12_60,1074
20RITI21161,12,61,12_61,1092
20RITI21162,12,62,12_62,1110
20RITI21163,12,63,12_63,1128
20RITI21164,12,64,12_64,1146
20RITI21165,12,65,12_65,1164
20RITI21166,12,66,12_66,1182
20RITI21167,12,67,12_67,1200
20RITI21168,12,68,12_68,1218
20RITI21169,12,69,12_69,1236
20RITI21170,12,70,12_70,1254
20RITI21171,12,71,12_71,1272
20RITI21172,12,72,12_72,1290
20RITI21173,12,73,12_73,1308
20RITI21174,12,74,12_74,1326
20RITI21175,12,75,12_75,1344
20RITI21176,12,76,12_76,1362
20RITI21177,12,77,12_77,1380
20RITI21178,12,78,12_78,1398
20RITI21179,12,79,12_79,1416
20RITI21180,12,80,12_80,1434
20RITI21181,12,81,12_81,1452
20RITI21182,12,82,12_82,1470
20RITI21183,12,83,12_83,1488
20RITI21184,12,84,12_84,1506
20RITI21185,12,85,12_85,1524
20RITI21186,12,86,12_86,1542
20RITI21187,12,87,12_87,1560
20RITI21188,12,88,12_88,1578
20RITI21189,12,89,12_89,1596
20RITI21190,12,90,12_90,1614
20RITI21191,12,91,12_91,1632
20RITI21192,12,92,12_92,1650
20RITI21193,12,93,12_93,1668
20RITI21194,12,94,12_94,1686
20RITI21195,12,95,12_95,1704
20RITI21196,12,96,12_96,1722
20RITI21197,12,97,12_97,1740
20RITI21198,12,98,12_98,1758
20RITI21199,12,99,12_99,1776
20RITI21200,12,100,12_100,1794
20RITI21201,13,1,13_1,13
20RITI21202,13,2,13_2,31
20RITI21203,13,3,13_3,49
20RITI21204,13,4,13_4,67
20RITI21205,13,5,13_5,85
20RITI21206,13,6,13_6,103
20RITI21207,13,7,13_7,121
20RITI21208,13,8,13_8,139
20RITI21209,13,9,13_9,157
20RITI21210,13,10,13_10,175
20RITI21211,13,11,13_11,193
20RITI21212,13,12,13_12,211
20RITI21213,13,13,13_13,229
20RITI21214,13,14,13_14,247
20RITI21215,13,15,13_15,265
20RITI21216,13,16,13_16,283
20RITI21217,13,17,13_17,301
20RITI21218,13,18,13_18,319
20RITI21219,13,19,13_19,337
20RITI21220,13,20,13_20,355
20RITI21221,13,21,13_21,373
20RITI21222,13,22,13_22,391
20RITI21223,13,23,13_23,409
20RITI21224,13,24,13_24,427
20RITI21225,13,25,13_25,445
20RITI21226,13,26,13_26,463
20RITI21227,13,27,13_27,481
20RITI21228,13,28,13_28,499
20RITI21229,13,29,13_29,517
20RITI21230,13,30,13_30,535
20RITI21231,13,31,13_31,553
20RITI21232,13,32,13_32,571
20RITI21233,13,33,13_33,589
20RITI21234,13,34,13_34,607
20RITI21235,13,35,13_35,625
20RITI21236,13,36,13_36,643
20RITI21237,13,37,13_37,661
20RITI21238,13,38,13_38,679
20RITI21239,13,39,13_39,697
20RITI21240,13,40,13_40,715
20RITI21241,13,41,13_41,733
20RITI21242,13,42,13_42,751
20RITI21243,13,43,13_43,769
20RITI21244,13,44,13_44,787
20RITI21245,13,45,13_45,805
20RITI21246,13,46,13_46,823
20RITI21247,13,47,13_47,841
20RITI21248,13,48,13_48,859
20RITI21249,13,49,13_49,877
20RITI21250,13,50,13_50,895
20RITI21251,13,51,13_51,913
20RITI21252,13,52,13_52,931
20RITI21253,13,53,13_53,949
20RITI21254,13,54,13_54,967
20RITI21255,13,55,13_55,985
20RITI21256,13,56,13_56,1003
20RITI21257,13,57,13_57,1021
20RITI21258,13,58,13_58,1039
20RITI21259,13,59,13_59,1057
20RITI21260,13,60,13_60,1075
20RITI21261,13,61,13_61,1093
20RITI21262,13,62,13_62,1111
20RITI21263,13,63,13_63,1129
20RITI21264,13,64,13_64,1147
20RITI21265,13,65,13_65,1165
20RITI21266,13,66,13_66,1183
20RITI21267,13,67,13_67,1201
20RITI21268,13,68,13_68,1219
20RITI21269,13,69,13_69,1237
20RITI21270,13,70,13_70,1255
20RITI21271,13,71,13_71,1273
20RITI21272,13,72,13_72,1291
20RITI21273,13,73,13_73,1309
20RITI21274,13,74,13_74,1327
20RITI21275,13,75,13_75,1345
20RITI21276,13,76,13_76,1363
20RITI21277,13,77,13_77,1381
20RITI21278,13,78,13_78,1399
20RITI21279,13,79,13_79,1417
20RITI21280,13,80,13_80,1435
20RITI21281,13,81,13_81,1453
20RITI21282,13,82,13_82,1471
20RITI21283,13,83,13_83,1489
20RITI21284,13,84,13_84,1507
20RITI21285,13,85,13_85,1525
20RITI21286,13,86,13_86,1543
20RITI21287,13,87,13_87,1561
20RITI21288,13,88,13_88,1579
20RITI21289,13,89,13_89,1597
20RITI21290,13,90,13_90,1615
20RITI21291,13,91,13_91,1633
20RITI21292,13,92,13_92,1651
20RITI21293,13,93,13_93,1669
20RITI21294,13,94,13_94,1687
20RITI21295,13,95,13_95,1705
20RITI21296,13,96,13_96,1723
20RITI21297,13,97,13_97,1741
20RITI21298,13,98,13_98,1759
20RITI21299,13,99,13_99,1777
20RITI21300,13,100,13_100,1795
20RITI21301,14,1,14_1,14
20RITI21302,14,2,14_2,32
20RITI21303,14,3,14_3,50
20RITI21304,14,4,14_4,68
20RITI21305,14,5,14_5,86
20RITI21306,14,6,14_6,104
20RITI21307,14,7,14_7,122
20RITI21308,14,8,14_8,140
20RITI21309,14,9,14_9,158
20RITI21310,14,10,14_10,176
20RITI21311,14,11,14_11,194
20RITI21312,14,12,14_12,212
20RITI21313,14,13,14_13,230
20RITI21314,14,14,14_14,248
20RITI21315,14,15,14_15,266
20RITI21316,14,16,14_16,284
20RITI21317,14,17,14_17,302
20RITI21318,14,18,14_18,320
20RITI21319,14,19,14_19,338
20RITI21320,14,20,14_20,356
20RITI21321,14,21,14_21,374
20RITI21322,14,22,14_22,392
20RITI21323,14,23,14_23,410
20RITI21324,14,24,14_24,428
20RITI21325,14,25,14_25,446
20RITI21326,14,26,14_26,464
20RITI21327,14,27,14_27,482
20RITI21328,14,28,14_28,500
20RITI21329,14,29,14_29,518
20RITI21330,14,30,14_30,536
20RITI21331,14,31,14_31,554
20RITI21332,14,32,14_32,572
20RITI21333,14,33,14_33,590
20RITI21334,14,34,14_34,608
20RITI21335,14,35,14_35,626
20RITI21336,14,36,14_36,644
20RITI21337,14,37,14_37,662
20RITI21338,14,38,14_38,680
20RITI21339,14,39,14_39,698
20RITI21340,14,40,14_40,716
20RITI21341,14,41,14_41,734
20RITI21342,14,42,14_42,752
20RITI21343,14,43,14_43,770
20RITI21344,14,44,14_44,788
20RITI21345,14,45,14_45,806
20RITI21346,14,46,14_46,824
20RITI21347,14,47,14_47,842
20RITI21348,14,48,14_48,860
20RITI21349,14,49,14_49,878
20RITI21350,14,50,14_50,896
20RITI21351,14,51,14_51,914
20RITI21352,14,52,14_52,932
20RITI21353,14,53,14_53,950
20RITI21354,14,54,14_54,968
20RITI21355,14,55,14_55,986
20RITI21356,14,56,14_56,1004
20RITI21357,14,57,14_57,1022
20RITI21358,14,58,14_58,1040
20RITI21359,14,59,14_59,1058
20RITI21360,14,60,14_60,1076
20RITI21361,14,61,14_61,1094
20RITI21362,14,62,14_62,1112
20RITI21363,14,63,14_63,1130
20RITI21364,14,64,14_64,1148
20RITI21365,14,65,14_65,1166
20RITI21366,14,66,14_66,1184
20RITI21367,14,67,14_67,1202
20RITI21368,14,68,14_68,1220
20RITI21369,14,69,14_69,1238
20RITI21370,14,70,14_70,1256
20RITI21371,14,71,14_71,1274
20RITI21372,14,72,14_72,1292
20RITI21373,14,73,14_73,1310
20RITI21374,14,74,14_74,1328
20RITI21375,14,75,14_75,1346
20RITI21376,14,76,14_76,1364
20RITI21377,14,77,14_77,1382
20RITI21378,14,78,14_78,1400
20RITI21379,14,79,14_79,1418
20RITI21380,14,80,14_80,1436
20RITI21381,14,81,14_81,1454
20RITI21382,14,82,14_82,1472
20RITI21383,14,83,14_83,1490
20RITI21384,14,84,14_84,1508
20RITI21385,14,85,14_85,1526
20RITI21386,14,86,14_86,1544
20RITI21387,14,87,14_87,1562
20RITI21388,14,88,14_88,1580
20RITI21389,14,89,14_89,1598
20RITI21390,14,90,14_90,1616
20RITI21391,14,91,14_91,1634
20RITI21392,14,92,14_92,1652
20RITI21393,14,93,14_93,1670
20RITI21394,14,94,14_94,1688
20RITI21395,14,95,14_95,1706
20RITI21396,14,96,14_96,1724
20RITI21397,14,97,14_97,1742
20RITI21398,14,98,14_98,1760
20RITI21399,14,99,14_99,1778
20RITI21400,14,100,14_100,1796
20RITI21401,15,1,15_1,15
20RITI21402,15,2,15_2,33
20RITI21403,15,3,15_3,51
20RITI21404,15,4,15_4,69
20RITI21405,15,5,15_5,87
20RITI21406,15,6,15_6,105
20RITI21407,15,7,15_7,123
20RITI21408,15,8,15_8,141
20RITI21409,15,9,15_9,159
20RITI21410,15,10,15_10,177
20RITI21411,15,11,15_11,195
20RITI21412,15,12,15_12,213
20RITI21413,15,13,15_13,231
20RITI21414,15,14,15_14,249
20RITI21415,15,15,15_15,267
20RITI21416,15,16,15_16,285
20RITI21417,15,17,15_17,303
20RITI21418,15,18,15_18,321
20RITI21419,15,19,15_19,339
20RITI21420,15,20,15_20,357
20RITI21421,15,21,15_21,375
20RITI21422,15,22,15_22,393
20RITI21423,15,23,15_23,411
20RITI21424,15,24,15_24,429
20RITI21425,15,25,15_25,447
20RITI21426,15,26,15_26,465
20RITI21427,15,27,15_27,483
20RITI21428,15,28,15_28,501
20RITI21429,15,29,15_29,519
20RITI21430,15,30,15_30,537
20RITI21431,15,31,15_31,555
20RITI21432,15,32,15_32,573
20RITI21433,15,33,15_33,591
20RITI21434,15,34,15_34,609
20RITI21435,15,35,15_35,627
20RITI21436,15,36,15_36,645
20RITI21437,15,37,15_37,663
20RITI21438,15,38,15_38,681
20RITI21439,15,39,15_39,699
20RITI21440,15,40,15_40,717
20RITI21441,15,41,15_41,735
20RITI21442,15,42,15_42,753
20RITI21443,15,43,15_43,771
20RITI21444,15,44,15_44,789
20RITI21445,15,45,15_45,807
20RITI21446,15,46,15_46,825
20RITI21447,15,47,15_47,843
20RITI21448,15,48,15_48,861
20RITI21449,15,49,15_49,879
20RITI21450,15,50,15_50,897
20RITI21451,15,51,15_51,915
20RITI21452,15,52,15_52,933
20RITI21453,15,53,15_53,951
20RITI21454,15,54,15_54,969
20RITI21455,15,55,15_55,987
20RITI21456,15,56,15_56,1005
20RITI21457,15,57,15_57,1023
20RITI21458,15,58,15_58,1041
20RITI21459,15,59,15_59,1059
20RITI21460,15,60,15_60,1077
20RITI21461,15,61,15_61,1095
20RITI21462,15,62,15_62,1113
20RITI21463,15,63,15_63,1131
20RITI21464,15,64,15_64,1149
20RITI21465,15,65,15_65,1167
20RITI21466,15,66,15_66,1185
20RITI21467,15,67,15_67,1203
20RITI21468,15,68,15_68,1221
20RITI21469,15,69,15_69,1239
20RITI21470,15,70,15_70,1257
20RITI21471,15,71,15_71,1275
20RITI21472,15,72,15_72,1293
20RITI21473,15,73,15_73,1311
20RITI21474,15,74,15_74,1329
20RITI21475,15,75,15_75,1347
20RITI21476,15,76,15_76,1365
20RITI21477,15,77,15_77,1383
20RITI21478,15,78,15_78,1401
20RITI21479,15,79,15_79,1419
20RITI21480,15,80,15_80,1437
20RITI21481,15,81,15_81,1455
20RITI21482,15,82,15_82,1473
20RITI21483,15,83,15_83,1491
20RITI21484,15,84,15_84,1509
20RITI21485,15,85,15_85,1527
20RITI21486,15,86,15_86,1545
20RITI21487,15,87,15_87,1563
20RITI21488,15,88,15_88,1581
20RITI21489,15,89,15_89,1599
20RITI21490,15,90,15_90,1617
20RITI21491,15,91,15_91,1635
20RITI21492,15,92,15_92,1653
20RITI21493,15,93,15_93,1671
20RITI21494,15,94,15_94,1689
20RITI21495,15,95,15_95,1707
20RITI21496,15,96,15_96,1725
20RITI21497,15,97,15_97,1743
20RITI21498,15,98,15_98,1761
20RITI21499,15,99,15_99,1779
20RITI21500,15,100,15_100,1797
20RITI21501,16,1,16_1,16
20RITI21502,16,2,16_2,34
20RITI21503,16,3,16_3,52
20RITI21504,16,4,16_4,70
20RITI21505,16,5,16_5,88
20RITI21506,16,6,16_6,106
20RITI21507,16,7,16_7,124
20RITI21508,16,8,16_8,142
20RITI21509,16,9,16_9,160
20RITI21510,16,10,16_10,178
20RITI21511,16,11,16_11,196
20RITI21512,16,12,16_12,214
20RITI21513,16,13,16_13,232
20RITI21514,16,14,16_14,250
20RITI21515,16,15,16_15,268
20RITI21516,16,16,16_16,286
20RITI21517,16,17,16_17,304
20RITI21518,16,18,16_18,322
20RITI21519,16,19,16_19,340
20RITI21520,16,20,16_20,358
20RITI21521,16,21,16_21,376
20RITI21522,16,22,16_22,394
20RITI21523,16,23,16_23,412
20RITI21524,16,24,16_24,430
20RITI21525,16,25,16_25,448
20RITI21526,16,26,16_26,466
20RITI21527,16,27,16_27,484
20RITI21528,16,28,16_28,502
20RITI21529,16,29,16_29,520
20RITI21530,16,30,16_30,538
20RITI21531,16,31,16_31,556
20RITI21532,16,32,16_32,574
20RITI21533,16,33,16_33,592
20RITI21534,16,34,16_34,610
20RITI21535,16,35,16_35,628
20RITI21536,16,36,16_36,646
20RITI21537,16,37,16_37,664
20RITI21538,16,38,16_38,682
20RITI21539,16,39,16_39,700
20RITI21540,16,40,16_40,718
20RITI21541,16,41,16_41,736
20RITI21542,16,42,16_42,754
20RITI21543,16,43,16_43,772
20RITI21544,16,44,16_44,790
20RITI21545,16,45,16_45,808
20RITI21546,16,46,16_46,826
20RITI21547,16,47,16_47,844
20RITI21548,16,48,16_48,862
20RITI21549,16,49,16_49,880
20RITI21550,16,50,16_50,898
20RITI21551,16,51,16_51,916
20RITI21552,16,52,16_52,934
20RITI21553,16,53,16_53,952
20RITI21554,16,54,16_54,970
20RITI21555,16,55,16_55,988
20RITI21556,16,56,16_56,1006
20RITI21557,16,57,16_57,1024
20RITI21558,16,58,16_58,1042
20RITI21559,16,59,16_59,1060
20RITI21560,16,60,16_60,1078
20RITI21561,16,61,16_61,1096
20RITI21562,16,62,16_62,1114
20RITI21563,16,63,16_63,1132
20RITI21564,16,64,16_64,1150
20RITI21565,16,65,16_65,1168
20RITI21566,16,66,16_66,1186
20RITI21567,16,67,16_67,1204
20RITI21568,16,68,16_68,1222
20RITI21569,16,69,16_69,1240
20RITI21570,16,70,16_70,1258
20RITI21571,16,71,16_71,1276
20RITI21572,16,72,16_72,1294
20RITI21573,16,73,16_73,1312
20RITI21574,16,74,16_74,1330
20RITI21575,16,75,16_75,1348
20RITI21576,16,76,16_76,1366
20RITI21577,16,77,16_77,1384
20RITI21578,16,78,16_78,1402
20RITI21579,16,79,16_79,1420
20RITI21580,16,80,16_80,1438
20RITI21581,16,81,16_81,1456
20RITI21582,16,82,16_82,1474
20RITI21583,16,83,16_83,1492
20RITI21584,16,84,16_84,1510
20RITI21585,16,85,16_85,1528
20RITI21586,16,86,16_86,1546
20RITI21587,16,87,16_87,1564
20RITI21588,16,88,16_88,1582
20RITI21589,16,89,16_89,1600
20RITI21590,16,90,16_90,1618
20RITI21591,16,91,16_91,1636
20RITI21592,16,92,16_92,1654
20RITI21593,16,93,16_93,1672
20RITI21594,16,94,16_94,1690
20RITI21595,16,95,16_95,1708
20RITI21596,16,96,16_96,1726
20RITI21597,16,97,16_97,1744
20RITI21598,16,98,16_98,1762
20RITI21599,16,99,16_99,1780
20RITI21600,16,100,16_100,1798
20RITI21601,17,1,17_1,17
20RITI21602,17,2,17_2,35
20RITI21603,17,3,17_3,53
20RITI21604,17,4,17_4,71
20RITI21605,17,5,17_5,89
20RITI21606,17,6,17_6,107
20RITI21607,17,7,17_7,125
20RITI21608,17,8,17_8,143
20RITI21609,17,9,17_9,161
20RITI21610,17,10,17_10,179
20RITI21611,17,11,17_11,197
20RITI21612,17,12,17_12,215
20RITI21613,17,13,17_13,233
20RITI21614,17,14,17_14,251
20RITI21615,17,15,17_15,269
20RITI21616,17,16,17_16,287
20RITI21617,17,17,17_17,305
20RITI21618,17,18,17_18,323
20RITI21619,17,19,17_19,341
20RITI21620,17,20,17_20,359
20RITI21621,17,21,17_21,377
20RITI21622,17,22,17_22,395
20RITI21623,17,23,17_23,413
20RITI21624,17,24,17_24,431
20RITI21625,17,25,17_25,449
20RITI21626,17,26,17_26,467
20RITI21627,17,27,17_27,485
20RITI21628,17,28,17_28,503
20RITI21629,17,29,17_29,521
20RITI21630,17,30,17_30,539
20RITI21631,17,31,17_31,557
20RITI21632,17,32,17_32,575
20RITI21633,17,33,17_33,593
20RITI21634,17,34,17_34,611
20RITI21635,17,35,17_35,629
20RITI21636,17,36,17_36,647
20RITI21637,17,37,17_37,665
20RITI21638,17,38,17_38,683
20RITI21639,17,39,17_39,701
20RITI21640,17,40,17_40,719
20RITI21641,17,41,17_41,737
20RITI21642,17,42,17_42,755
20RITI21643,17,43,17_43,773
20RITI21644,17,44,17_44,791
20RITI21645,17,45,17_45,809
20RITI21646,17,46,17_46,827
20RITI21647,17,47,17_47,845
20RITI21648,17,48,17_48,863
20RITI21649,17,49,17_49,881
20RITI21650,17,50,17_50,899
20RITI21651,17,51,17_51,917
20RITI21652,17,52,17_52,935
20RITI21653,17,53,17_53,953
20RITI21654,17,54,17_54,971
20RITI21655,17,55,17_55,989
20RITI21656,17,56,17_56,1007
20RITI21657,17,57,17_57,1025
20RITI21658,17,58,17_58,1043
20RITI21659,17,59,17_59,1061
20RITI21660,17,60,17_60,1079
20RITI21661,17,61,17_61,1097
20RITI21662,17,62,17_62,1115
20RITI21663,17,63,17_63,1133
20RITI21664,17,64,17_64,1151
20RITI21665,17,65,17_65,1169
20RITI21666,17,66,17_66,1187
20RITI21667,17,67,17_67,1205
20RITI21668,17,68,17_68,1223
20RITI21669,17,69,17_69,1241
20RITI21670,17,70,17_70,1259
20RITI21671,17,71,17_71,1277
20RITI21672,17,72,17_72,1295
20RITI21673,17,73,17_73,1313
20RITI21674,17,74,17_74,1331
20RITI21675,17,75,17_75,1349
20RITI21676,17,76,17_76,1367
20RITI21677,17,77,17_77,1385
20RITI21678,17,78,17_78,1403
20RITI21679,17,79,17_79,1421
20RITI21680,17,80,17_80,1439
20RITI21681,17,81,17_81,1457
20RITI21682,17,82,17_82,1475
20RITI21683,17,83,17_83,1493
20RITI21684,17,84,17_84,1511
20RITI21685,17,85,17_85,1529
20RITI21686,17,86,17_86,1547
20RITI21687,17,87,17_87,1565
20RITI21688,17,88,17_88,1583
20RITI21689,17,89,17_89,1601
20RITI21690,17,90,17_90,1619
20RITI21691,17,91,17_91,1637
20RITI21692,17,92,17_92,1655
20RITI21693,17,93,17_93,1673
20RITI21694,17,94,17_94,1691
20RITI21695,17,95,17_95,1709
20RITI21696,17,96,17_96,1727
20RITI21697,17,97,17_97,1745
20RITI21698,17,98,17_98,1763
20RITI21699,17,99,17_99,1781
20RITI21700,17,100,17_100,1799
20RITI21701,18,1,18_1,18
20RITI21702,18,2,18_2,36
20RITI21703,18,3,18_3,54
20RITI21704,18,4,18_4,72
20RITI21705,18,5,18_5,90
20RITI21706,18,6,18_6,108
20RITI21707,18,7,18_7,126
20RITI21708,18,8,18_8,144
20RITI21709,18,9,18_9,162
20RITI21710,18,10,18_10,180
20RITI21711,18,11,18_11,198
20RITI21712,18,12,18_12,216
20RITI21713,18,13,18_13,234
20RITI21714,18,14,18_14,252
20RITI21715,18,15,18_15,270
20RITI21716,18,16,18_16,288
20RITI21717,18,17,18_17,306
20RITI21718,18,18,18_18,324
20RITI21719,18,19,18_19,342
20RITI21720,18,20,18_20,360
20RITI21721,18,21,18_21,378
20RITI21722,18,22,18_22,396
20RITI21723,18,23,18_23,414
20RITI21724,18,24,18_24,432
20RITI21725,18,25,18_25,450
20RITI21726,18,26,18_26,468
20RITI21727,18,27,18_27,486
20RITI21728,18,28,18_28,504
20RITI21729,18,29,18_29,522
20RITI21730,18,30,18_30,540
20RITI21731,18,31,18_31,558
20RITI21732,18,32,18_32,576
20RITI21733,18,33,18_33,594
20RITI21734,18,34,18_34,612
20RITI21735,18,35,18_35,630
20RITI21736,18,36,18_36,648
20RITI21737,18,37,18_37,666
20RITI21738,18,38,18_38,684
20RITI21739,18,39,18_39,702
20RITI21740,18,40,18_40,720
20RITI21741,18,41,18_41,738
20RITI21742,18,42,18_42,756
20RITI21743,18,43,18_43,774
20RITI21744,18,44,18_44,792
20RITI21745,18,45,18_45,810
20RITI21746,18,46,18_46,828
20RITI21747,18,47,18_47,846
20RITI21748,18,48,18_48,864
20RITI21749,18,49,18_49,882
20RITI21750,18,50,18_50,900
20RITI21751,18,51,18_51,918
20RITI21752,18,52,18_52,936
20RITI21753,18,53,18_53,954
20RITI21754,18,54,18_54,972
20RITI21755,18,55,18_55,990
20RITI21756,18,56,18_56,1008
20RITI21757,18,57,18_57,1026
20RITI21758,18,58,18_58,1044
20RITI21759,18,59,18_59,1062
20RITI21760,18,60,18_60,1080
20RITI21761,18,61,18_61,1098
20RITI21762,18,62,18_62,1116
20RITI21763,18,63,18_63,1134
20RITI21764,18,64,18_64,1152
20RITI21765,18,65,18_65,1170
20RITI21766,18,66,18_66,1188
20RITI21767,18,67,18_67,1206
20RITI21768,18,68,18_68,1224
20RITI21769,18,69,18_69,1242
20RITI21770,18,70,18_70,1260
20RITI21771,18,71,18_71,1278
20RITI21772,18,72,18_72,1296
20RITI21773,18,73,18_73,1314
20RITI21774,18,74,18_74,1332
20RITI21775,18,75,18_75,1350
20RITI21776,18,76,18_76,1368
20RITI21777,18,77,18_77,1386
20RITI21778,18,78,18_78,1404
20RITI21779,18,79,18_79,1422
20RITI21780,18,80,18_80,1440
20RITI21781,18,81,18_81,1458
20RITI21782,18,82,18_82,1476
20RITI21783,18,83,18_83,1494
20RITI21784,18,84,18_84,1512
20RITI21785,18,85,18_85,1530
20RITI21786,18,86,18_86,1548
20RITI21787,18,87,18_87,1566
20RITI21788,18,88,18_88,1584
20RITI21789,18,89,18_89,1602
20RITI21790,18,90,18_90,1620
20RITI21791,18,91,18_91,1638
20RITI21792,18,92,18_92,1656
20RITI21793,18,93,18_93,1674
20RITI21794,18,94,18_94,1692
20RITI21795,18,95,18_95,1710
20RITI21796,18,96,18_96,1728
20RITI21797,18,97,18_97,1746
20RITI21798,18,98,18_98,1764
20RITI21799,18,99,18_99,1782
20RITI21800,18,100,18_100,1800
