ID,Weight (g),Bag #,Notes,Column1
entity_id,,,,
20RITI20212,271.15,NO #,,
20RITI21750,351.04,NO #,,
20RITI20213,193.2,NO #,,
20RITI20316,168.22,NO #,,
20RITI21747,85.77,NO #,,
20RITI20215,309.16,NO #,,
20RITI21745,365.23,NO #,,
20RITI21758,287.63,NO #,,
20RITI21726,272.06,NO #,,
20RITI21746,451.93,NO #,,
20RITI20267,393.66,NO #,,
20RITI20238,374.64,NO #,,
20RITI21757,365.12,NO #,,
20RITI21749,361.58,NO #,,
20RITI20214,303.33,NO #,,
20RITI21751,290.38,NO #,,
20RITI21752,280.94,NO #,,
20RITI21728,205.47,NO #,,
20RITI21754,227.73,NO #,,
20RITI21717,234.2,NO #,,
20RITI20266,322.37,NO #,,
20RITI20287,371.82,NO #,,
20RITI20277,350.97,NO #,,
20RITI20219,275.88,NO #,,
20RITI20289,505.66,NO #,,
20RITI20216,231.53,NO #,,
20RITI20261,402.65,NO #,,
20RITI20283,315.94,NO #,,
20RITI20217,226.4,NO #,,
20RITI20265,375.07,NO #,,
20RITI20294,446.97,NO #,,
20RITI20285,502.9,NO #,,
20RITI20220,275.84,NO #,,
20RITI20210,364.77,NO #,,
20RITI21753,310.61,NO #,,
20RITI20295,467.27,NO #,,
20RITI20218,192.57,NO #,,
20RITI20276,300.08,NO #,,
20RITI21719,272.25,NO #,,
20RITI20239,333.49,NO #,,
20RITI21720,197.83,NO #,,
20RITI20259,335.35,NO #,,
20RITI20264,328.43,NO #,,
20RITI20263,404.76,NO #,,
20RITI20221,270.71,NO #,,
20RITI20284,316.81,NO #,,
20RITI21503,316.83,NO #,,
20RITI21748,517.46,NO #,,
20RITI21744,263.71,NO #,,
20RITI20286,433.77,NO #,,
20RITI20279,377.87,NO #,,
20RITI20290,454.35,NO #,,
20RITI21718,204.78,NO #,,
20RITI21755,294.19,NO #,,
20RITI21756,224.4,NO #,,
20RITI21742,321.33,NO #,,
20RITI21769,444.33,NO #,,
20RITI21713,226.59,NO #,,
20RITI21759,325.42,NO #,,
20RITI21731,397.51,NO #,,
20RITI21727,340.44,NO #,,
20RITI20342,264.54,NO #,,
20RITI20211,248.04,NO #,,
20RITI21761,365.84,NO #,,
20RITI21768,389.92,NO #,,
20RITI21774,348.61,NO #,,
20RITI21776,401.78,NO #,,
20RITI21767,395.7,NO #,,
20RITI21766,326.92,NO #,,
20RITI21764,430.64,NO #,,
20RITI21765,443.62,NO #,,
20RITI21712,285.54,NO #,,
20RITI21716,322.25,NO #,,
20RITI20223,220.45,NO #,,
20RITI21772,429.66,NO #,,
20RITI20278,339.6,NO #,,
20RITI20235,245.35,NO #,,
20RITI20288,183.95,NO #,,
20RITI21775,383.84,NO #,,
20RITI20224,236.87,NO #,,
20RITI20317,155.41,NO #,,
20RITI20340,165.2,NO #,,
20RITI21714,241.01,NO #,,
20RITI20268,321.85,NO #,,
20RITI21729,362.43,NO #,,
20RITI20308,294.12,NO #,,
20RITI21743,398.24,NO #,,
20RITI21721,354.79,NO #,,
20RITI20341,181.93,NO #,,
20RITI20300,290.3,NO #,,
20RITI21715,344.43,NO #,,
20RITI21730,340.28,NO #,,
20RITI21763,313.36,NO #,,
20RITI21792,454.61,NO #,,
20RITI20331,310.42,NO #,,
20RITI20378,279.65,NO #,,
20RITI20326,177.36,NO #,,
20RITI20230,221.92,NO #,,
20RITI20234,352.08,NO #,,
20RITI20255,416.21,NO #,,
20RITI20271,337.9,NO #,,
20RITI20270,375.05,NO #,,
20RITI20245,301.02,NO #,,
20RITI20207,299.96,NO #,,
20RITI20225,280.06,NO #,,
20RITI20206,73.71,NO #,,
20RITI20226,189.02,NO #,,
20RITI20222,195.55,NO #,,
20RITI20280,366.81,NO #,,
20RITI20229,199.75,NO #,,
20RITI20205,365.74,NO #,,
20RITI20248,379.5,NO #,,
20RITI20247,157.87,NO #,,
20RITI20204,264.02,NO #,,
20RITI20203,366.46,NO #,,
20RITI20228,263.44,NO #,,
20RITI20257,198.97,NO #,,
20RITI20256,375.07,NO #,,
20RITI20297,278.61,NO #,,
20RITI20227,251.68,NO #,,
20RITI20258,356.42,NO #,,
20RITI20293,556.87,NO #,,
20RITI20249,259.26,NO #,,
20RITI20296,441.55,NO #,,
20RITI20299,521.81,NO #,,
20RITI20273,371.94,NO #,,
20RITI20201,323.33,NO #,,
20RITI20243,259.31,NO #,,
20RITI20272,383.22,NO #,,
20RITI20275,391.64,NO #,,
20RITI20298,376.28,NO #,,
20RITI20202,287.27,NO #,,
20RITI20086,328.36,NO #,,
20RITI20068,318.69,NO #,,
20RITI20005,304.07,NO #,,
20RITI20007,343.96,NO #,,
20RITI20074,241.9,NO #,,
20RITI20067,279.68,NO #,,
20RITI20035,237.44,NO #,,
20RITI20096,186.87,NO #,,
20RITI20100,393.21,NO #,,
20RITI20131,205.69,NO #,,
20RITI20062,413.71,NO #,,
20RITI20026,301.35,NO #,,
20RITI20008,208.73,NO #,,
20RITI20001,207.49,NO #,,
20RITI20016,245.17,NO #,,
20RITI20087,472.38,NO #,,
20RITI20015,271.47,NO #,,
20RITI20054,427.53,NO #,,
20RITI21192,340,NO #,,
20RITI21296,303.56,NO #,,
20RITI21189,267.81,NO #,,
20RITI21261,424.6,NO #,,
20RITI21266,367.36,NO #,,
20RITI21257,315.91,NO #,,
20RITI21241,381.77,NO #,,
20RITI21246,325.59,NO #,,
20RITI21289,392.85,NO #,,
20RITI21300,283.62,NO #,,
20RITI21287,239.74,NO #,,
20RITI21000,340.62,NO #,,
20RITI21405,287.86,NO #,,
20RITI21085,350.21,NO #,,
20RITI21060,468.46,NO #,,
20RITI21010,253.03,NO #,,
20RITI21090,345.71,NO #,,
20RITI21453,366.19,NO #,,
20RITI21472,332.57,NO #,,
20RITI20945,216.71,NO #,,
20RITI21008,303.06,NO #,,
20RITI21454,192.94,NO #,,
20RITI20947,243.15,NO #,,
20RITI21500,377.07,NO #,,
20RITI21402,270.12,NO #,,
20RITI21411,232.53,NO #,,
20RITI21414,120.43,NO #,,
20RITI21485,407.15,NO #,,
20RITI21083,281.49,NO #,,
20RITI20914,328.88,NO #,,
20RITI21446,293.2,NO #,,
20RITI21070,372.9,NO #,,
20RITI21058,392.6,NO #,,
20RITI21041,306.14,NO #,,
20RITI20979,259.38,NO #,,
20RITI20904,291.75,NO #,,
20RITI20961,371.29,NO #,,
20RITI21493,514.53,NO #,,
20RITI20940,314.27,NO #,,
20RITI21026,327.45,NO #,,
20RITI20935,261.6,NO #,,
20RITI21465,349.16,NO #,,
20RITI21476,395.55,NO #,,
20RITI20951,224.25,NO #,,
20RITI20993,348.69,NO #,,
20RITI20932,275.61,NO #,,
20RITI20994,336.09,NO #,,
20RITI21486,404.63,NO #,,
20RITI21459,316.97,NO #,,
20RITI20996,347.92,NO #,,
20RITI21048,372.09,NO #,,
20RITI21425,313.69,NO #,,
20RITI21474,420.2,NO #,,
20RITI21433,335.83,NO #,,
20RITI20946,306.36,4,BAG 4,
20RITI21329,231.83,4,,
20RITI21412,228.47,4,,
20RITI21044,288.59,4,,
20RITI21494,321.83,4,,
20RITI20955,236.06,4,,
20RITI20943,268.59,4,,
20RITI21457,349.99,4,,
20RITI21410,336.97,4,,
20RITI21451,375.84,4,,
20RITI20997,324.07,NO #,couldn't find bag to number bag type,
20RITI20954,259.1,4,,
20RITI20960,320.73,4,,
20RITI21491,370.39,4,,
20RITI21437,387.65,4,,
20RITI20917,236.08,4,,
20RITI20963,185.93,4,Sample 20RITI20963 damp and contains mold. AH 09/08/2023,
20RITI21468,353.33,4,"Sample 20RITI21468 - pkg says ""lost seed"". AH 09/08/2023",
20RITI20995,315.15,4,,
20RITI20942,249.21,4,,
20RITI21460,314.95,4,,
20RITI21306,292.46,4,,
20RITI21067,355.79,4,,
20RITI21346,356.4,4,,
20RITI21009,283.59,4,,
20RITI21301,330.83,4,,
20RITI21344,296.89,4,,
20RITI20928,247.75,4,,add bag types as needed!
20RITI21469,338.47,4,bag 4,"* To add color: select/highlight row, select 'HOME', select 'cell styles', click color with 40%"
20RITI21461,416.31,4,,
20RITI21458,272.52,4,,
20RITI21434,332.94,4,,
20RITI21322,217.58,4,,
20RITI21323,335.11,4,,
20RITI21394,357.96,4,,
20RITI21316,262,4,,
20RITI21359,322.38,4,,
20RITI20968,354.3,4,,
20RITI21333,304.72,4,,
20RITI21385,413.02,4,,
20RITI21001,285.16,4,,
20RITI21053,339.86,4,,
20RITI20949,218.5,4,,
20RITI21002,288.28,4,,
20RITI20927,184.24,4,,
20RITI21487,334.58,4,,
20RITI21444,322.65,4,,
20RITI21020,215.32,4,,
20RITI21068,359.23,4,,
20RITI21470,321.99,4,,
20RITI21384,438.35,4,,
20RITI21019,330.28,4,,
20RITI21027,249.66,4,,
20RITI20032,295.76,5,bag 5,
20RITI20004,324.93,5,,
20RITI20073,210.27,5,,
20RITI20060,410.87,5,,
20RITI20055,280.15,5,,
20RITI20098,171.49,5,,
20RITI20012,271.38,5,,
20RITI20148,222.98,5,,
20RITI20072,296.54,5,,
20RITI20099,254.77,5,,
20RITI20084,301.38,5,,
20RITI20036,160.7,5,,
20RITI20083,139.43,5,Large tear in bottom resulting in seed loss -AH 09/12/2023,
20RITI20039,349.5,5,,
20RITI20011,297.17,5,,
20RITI20075,396,5,,
20RITI20059,358.27,5,,
20RITI20050,393.76,5,,
20RITI20071,136.64,5,,
20RITI20051,216.98,5,,
20RITI20052,345.64,5,,
20RITI20038,170.27,5,,
20RITI20013,223.71,5,,
20RITI20069,289.31,5,,
20RITI20139,111.79,5,,
20RITI20119,211.2,5,,
20RITI20097,148.4,5,,
20RITI20092,326.7,5,,
20RITI20010,327.72,5,,
20RITI20009,240.56,5,,
20RITI20093,326.67,5,,
20RITI20066,382.13,5,,
20RITI20198,227.53,5,,
20RITI20124,93.47,5,,
20RITI20033,252.81,5,,
20RITI20177,243.71,5,,
20RITI20085,477.81,5,,
20RITI20152,342.25,5,,
20RITI20070,273.15,5,,
20RITI20082,200.06,5,,
20RITI20053,80.4,5,,
20RITI20076,277.16,5,,
20RITI20090,29.86,5,,
20RITI20091,93.37,5,,
20RITI20147,221.41,5,,
20RITI20040,306.33,5,,
20RITI20064,211.58,5,"Note on bag, ""?May have lost seed?""",
20RITI20176,284.47,6,bag 6 starts,
20RITI20077,259.42,6,,
20RITI20057,355.95,6,,
20RITI20114,157.76,6,,
20RITI20058,449.73,6,,
20RITI20174,290.29,6,,
20RITI20195,379.27,6,,
20RITI20122,249.24,6,,
20RITI20197,332.74,6,,
20RITI20166,256.87,6,,
20RITI20200,211.88,6,Small hole in bag bottom-may have lost seed -AH 09/13/2023,
20RITI20081,275.14,6,,
20RITI20179,167.26,6,,
20RITI20136,136.11,6,,
20RITI20150,238.85,6,Large tear in sidewall of bag resulting in seed loss -AH 09/13/2023,
20RITI20106,171.59,6,,
20RITI20020,267.77,6,,
20RITI20111,211.07,6,,
20RITI20129,165,6,,
20RITI20095,305.06,6,,
20RITI20047,254.22,6,,
20RITI20734,337.74,6,,
20RITI20719,302.62,6,Spilled some seed putting seed into bag after weighing sample - AH 09/13/2023,
20RITI20815,312.09,6,,
20RITI20705,300.14,6,,
20RITI20701,56.56,6,,
20RITI20813,256.59,6,,
20RITI20812,336.68,6,,
20RITI20890,432.5,6,,
20RITI20717,220.55,6,,
20RITI20897,438.13,6,,
20RITI20839,313.51,6,,
20RITI20830,371.67,6,,
20RITI20854,148.9,6,,
20RITI20730,283.29,6,,
20RITI20770,367.06,6,,
20RITI20729,266.87,6,,
20RITI20853,258.28,6,,
20RITI20721,190.84,6,,
20RITI20844,233.07,6,,
20RITI20710,267.87,6,,
20RITI20810,390.45,6,,
20RITI20707,252.83,6,,
20RITI20862,453.23,6,,
20RITI20861,307.02,6,,
20RITI20865,340.54,6,,
20RITI20782,285.02,6,,
20RITI20708,277.87,6,lost seed - JB 09/13/2023,
20RITI20849,332.37,6,,
20RITI20852,416.71,6,,
20RITI20875,399.37,7,Start of bag 7,
20RITI20855,379.6,7,,
20RITI20863,86.49,7,"Bag note ""lost some seed"" - AH 09/14/2023",
20RITI20893,450.06,7,,
20RITI20846,413.75,7,,
20RITI20704,291.12,7,,
20RITI20848,386.65,7,,
20RITI20860,400.57,7,,
20RITI20820,311.51,7,,
20RITI20723,288.46,7,,
20RITI20868,374.8,7,,
20RITI20726,295.63,7,,
20RITI20771,193.5,7,,
20RITI20834,351.69,7,,
20RITI20831,419.2,7,,
20RITI20850,311.19,7,,
20RITI20724,212.39,7,,
20RITI20728,199.01,7,,
20RITI20769,299.99,7,,
20RITI20889,460.96,7,,
20RITI20762,213.46,7,,
20RITI20795,218.65,7,,
20RITI20743,202.17,7,,
20RITI20722,263.85,7,,
20RITI20845,260.92,7,,
20RITI20766,336.51,7,,
20RITI20821,68.63,7,,
20RITI20874,295.9,7,,
20RITI20859,432.8,7,,
20RITI20738,236.65,7,,
20RITI20896,367.43,7,,
20RITI20898,419.51,7,,
20RITI20786,401.24,7,,
20RITI20725,229.06,7,,
20RITI20727,260.67,7,,
20RITI20824,278.09,7,,
20RITI20732,305.26,7,,
20RITI20857,368.64,7,,
20RITI20745,220.39,7,,
20RITI20864,391.01,7,,
20RITI20899,407.89,7,,
20RITI20822,305.28,7,,
20RITI20884,575.25,7,,
20RITI20840,395.26,7,,
20RITI20867,474.96,7,,
20RITI20731,280.31,7,,
20RITI20737,301.84,8,bag 8 starts,
20RITI20735,346.36,8,,
20RITI20836,364.5,8,,
20RITI20757,307.59,8,,
20RITI20733,279.22,8,,
20RITI20886,475.85,8,,
20RITI20754,343.38,8,,
20RITI20793,350.6,8,,
20RITI20790,378.25,8,,
20RITI20778,372.69,8,,
20RITI20894,468.6,8,,
20RITI20841,275.4,8,,
20RITI20843,324,8,,
20RITI20842,434.51,8,,
20RITI20789,296.69,8,,
20RITI20740,258.4,8,,
20RITI21452,103.55,8,,
20RITI21080,331.17,8,,
20RITI20905,278.12,8,,
20RITI21442,246.16,8,,
20RITI21063,223.05,8,,
20RITI20984,198.17,8,,
20RITI21013,256.3,8,,
20RITI21492,433.07,8,"Tears on bag side edges, possible seed loss - AH 09/14/2023",
20RITI21496,170.04,8,,
20RITI20910,260.21,8,,
20RITI21045,68.57,8,,
20RITI21059,384.66,8,,
20RITI21064,281.15,8,,
20RITI21016,234.35,8,,
20RITI21432,236.87,8,,
20RITI20973,273.1,8,,
20RITI20915,282.76,8,,
20RITI21328,257.32,8,,
20RITI21093,325.59,8,,
20RITI21092,365.29,8,,
20RITI21052,318.72,8,,
20RITI21038,335.08,8,Small hole in bag bottom-may have lost seed -AH 09/15/2023,
20RITI21082,382.16,8,,
20RITI20985,285.82,9,Bag 9 starts,
20RITI21483,432.97,9,,
20RITI21098,338.55,9,,
20RITI21078,299.73,9,split some seed after wieghing - AH 09/15/2023,
20RITI20913,268.19,9,,
20RITI21479,310.82,9,,
20RITI20991,230.1,9,,
20RITI21473,451.25,9,,
20RITI21100,309.16,9,,
20RITI21062,399.9,9,,
20RITI21463,335.91,9,"Large tear at front of bag, may have resulted 8n seed loss - AH 09/15/2023",
20RITI21047,395.07,9,,
20RITI20976,338.88,9,machine cleaned on down from this sample - AH 09/15/2023,
20RITI21030,391.22,9,,
20RITI21014,296.19,9,,
20RITI21456,389.31,9,,
20RITI21264,293.59,9,,
20RITI21182,301.44,9,,
20RITI21150,332.24,9,,
20RITI21184,210.52,9,,
20RITI21190,350.36,9,,
20RITI21265,437.82,9,,
20RITI21194,323.82,9,,
20RITI21283,307.97,9,,
20RITI21280,375.82,9,,
20RITI21281,364.76,9,,
20RITI21276,236.97,9,,
20RITI21185,282.89,9,,
20RITI21187,181.74,9,,
20RITI21196,358.15,9,,
20RITI21221,409.03,9,,
20RITI21186,305.39,9,Small hole in bag bottom resulting in some seed loss - AH 09/15/2023,
20RITI21284,508.46,9,,
20RITI21282,394.3,9,,
20RITI21277,402.57,9,,
20RITI21256,492.57,9,,
20RITI21181,308.36,9,,
20RITI21294,480.84,9,,
20RITI21255,274.68,9,bag 9 ends,
20RITI21193,295.2,10,bag 10 starts,
20RITI21288,442.8,10,,
20RITI21195,262.75,10,,
20RITI21180,265.01,10,,
20RITI21179,279.69,10,,
20RITI21236,419.74,10,,
20RITI21292,477.16,10,,
20RITI21286,375.09,10,,
20RITI21171,212.66,10,,
20RITI21239,270.31,10,,
20RITI21293,398.34,10,,
20RITI21183,286.21,10,,
20RITI21175,315.14,10,,
20RITI21227,411.52,10,,
20RITI21237,325.35,10,,
20RITI21228,331.23,10,,
20RITI21229,372.02,10,,
20RITI21295,415.11,10,,
20RITI21274,445.84,10,,
20RITI21230,370.52,10,,
20RITI21240,504.54,10,,
20RITI21253,352.13,10,,
20RITI21233,280.21,10,,
20RITI21268,346.73,10,,
20RITI21219,159.1,10,,
20RITI21220,223.96,10,some seed loss before wieghing - AH 09/15/2023,
20RITI21217,307.5,10,,
20RITI21235,279.42,10,some seed loss before wieghing - AH 09/15/2023,
20RITI20986,363.74,10,,
20RITI21267,403.31,10,,
20RITI20921,171.79,10,,
20RITI21003,289.68,10,,
20RITI21260,357.3,10,,
20RITI21225,357.67,10,,
20RITI21262,394.34,10,,
20RITI21263,377.6,10,,
20RITI21290,386.55,10,,
20RITI21216,241.89,10,,
20RITI21202,329.06,10,,
20RITI21213,313.24,10,,
20RITI21313,302.36,11,bag 11 starts,
20RITI21440,468.97,11,,
20RITI21370,325.99,11,,
20RITI21334,266.23,11,,
20RITI21349,323.22,11,,
20RITI21392,344.83,11,,
20RITI21365,403.84,11,,
20RITI20982,339.23,11,,
20RITI21309,308.23,11,,
20RITI21341,336.07,11,,
20RITI21423,282.16,11,,
20RITI21455,417.25,11,,
20RITI20980,291.75,11,,
20RITI21482,514.53,11,,
20RITI21409,241.19,11,,
20RITI20933,249.65,11,,
20RITI21439,304.59,11,,
20RITI21386,398.06,11,,
20RITI21362,484.97,11,,
20RITI21381,291.85,11,,
20RITI21441,433.36,11,,
20RITI20972,305.09,11,,
20RITI20971,330.41,11,,
20RITI21417,255.59,11,,
20RITI21327,316.64,11,,
20RITI20992,313.61,11,,
20RITI21094,418.07,11,,
20RITI21395,385.06,11,,
20RITI21095,417.4,11,,
20RITI21466,396.62,11,,
20RITI21422,274.56,11,,
20RITI21435,307.61,11,,
20RITI20957,297.91,11,,
20RITI20998,304.39,11,,
20RITI20990,333.85,11,,
20RITI20959,323.66,11,,
20RITI21355,461.06,11,,
20RITI21467,462.79,11,bag 11 ends,
20RITI21375,328.46,12,bag 12 starts,
20RITI21369,339.48,12,,
20RITI21418,254.48,12,,
20RITI21066,379.31,12,,
20RITI21391,321.02,12,,
20RITI21348,358.29,12,,
20RITI21421,311.88,12,,
20RITI20999,227.34,12,,
20RITI20981,265.6,12,,
20RITI20969,240.05,12,,
20RITI20978,291.45,12,,
20RITI21340,261.44,12,,
20RITI21379,400.33,12,,
20RITI21416,315.5,12,,
20RITI21318,267.78,12,,
20RITI21368,388.37,12,,
20RITI21436,306.29,12,,
20RITI21481,293.96,12,,
20RITI21011,256.82,12,,
20RITI21079,331.97,12,,
20RITI21484,436.57,12,,
20RITI21231,324.65,12,,
20RITI21312,310.33,12,,
20RITI21447,305.64,12,small tear in bottom of bag - AH 09/28/2023,
20RITI20967,305.79,12,,
20RITI21337,253.35,12,,
20RITI21321,283.79,12,,
20RITI21475,345.57,12,,
20RITI21427,333.39,12,,
20RITI21364,454.64,12,,
20RITI21462,434.52,12,,
20RITI21238,354.19,12,,
20RITI21338,352.49,12,,
20RITI21310,215.18,12,,
20RITI21251,406.88,12,,
20RITI20958,212.53,12,,
20RITI21335,223.16,12,,
20RITI21247,289.52,12,,
20RITI21242,333.42,12,,
20RITI21358,324.94,12,,
20RITI21191,292.06,12,,
20RITI21232,227.14,12,,
20RITI21336,282.87,12,,
20RITI21029,407.28,12,,
20RITI21297,363.33,12,,
20RITI21252,330.49,12,,
20RITI21269,443.21,12,,
20RITI21273,418.25,12,,
20RITI21271,276.78,12,,
20RITI21419,216.65,13,bag 13 starts,
20RITI21431,345.26,13,,
20RITI20649,308.19,13,,
20RITI20626,359.54,13,,
20RITI20924,180.81,13,,
20RITI20930,242.96,13,,
20RITI21304,282.77,13,,
20RITI21377,337.56,13,,
20RITI20934,242.35,13,,
20RITI20369,231.54,13,,
20RITI20346,179.9,13,,
20RITI20937,259.81,13,,
20RITI21404,321.14,13,,
20RITI21056,326.92,13,,
20RITI21498,320.37,13,small tear in bottom of bag - AH 09/28/2023,
20RITI21408,321.44,13,,
20RITI21250,150.69,13,,
20RITI21022,280.65,13,,
20RITI21245,324.05,13,,
20RITI21249,323.24,13,,
20RITI20956,290.43,13,,
20RITI20365,273.2,13,,
20RITI20350,284.48,13,,
20RITI21099,313.65,13,,
20RITI21259,453.82,13,,
20RITI20909,241.02,13,,
20RITI21222,424.31,13,,
20RITI21406,302.18,13,,
20RITI21007,295.68,13,,
20RITI21223,342.07,13,,
20RITI21049,309.67,13,,
20RITI20901,189.94,13,,
20RITI21210,378.45,13,,
20RITI21798,371.37,13,,
20RITI20352,304.83,13,,
20RITI21401,419.55,13,,
20RITI21088,386.45,13,,
20RITI21291,132.82,13,,
20RITI21244,258.62,13,,
20RITI21203,360.38,13,,
20RITI21272,452.69,13,,
20RITI21254,219.28,13,,
20RITI21224,315.62,13,,
20RITI21218,278.92,13,,
20RITI21211,333.42,13,,
20RITI21205,455.07,13,,
20RITI21201,427.9,13,,
20RITI21206,342.71,13,,
20RITI20079,349.76,13,,
20RITI21248,315.01,13,,
20RITI21243,315.27,13,,
20RITI21270,291.92,13,,
20RITI21214,291.43,13,,
20RITI20022,323.55,13,,
20RITI20089,248.43,13,,
20RITI20030,179.76,13,,
20RITI21207,265.15,13,,
20RITI21208,371.45,13,,
20RITI21226,350.04,13,,
20RITI21215,353.54,13,,
20RITI21212,329.86,13,,
20RITI21204,452.25,13,,
20RITI21258,369.94,13,,
20RITI21209,172.27,13,,
20RITI20049,316.89,14,,
20RITI20024,298.84,14,,
20RITI20063,149.64,14,mix with next plot?,
20RITI20048,214.06,14,,
20RITI20014,216.98,14,,
20RITI20028,205.32,14,,
20RITI20027,209.32,14,,
20RITI20017,245.63,14,,
20RITI20029,239.42,14,,
20RITI20002,353.52,14,,
20RITI20025,283.43,14,,
20RITI20006,280.93,14,,
20RITI20034,373.45,14,,
20RITI20045,345.7,14,,
20RITI20094,431.99,14,,
20RITI20078,332.83,14,small tear on bag bottom,
20RITI20043,298.6,14,,
20RITI20003,294.71,14,,
20RITI20892,372.16,14,,
20RITI20760,331.21,14,,
20RITI20835,375.93,14,,
20RITI20837,342.02,14,,
20RITI20742,273.16,14,,
20RITI20788,349.79,14,,
20RITI20878,422.72,14,,
20RITI20799,255.06,14,,
20RITI20880,432.35,14,,
20RITI20826,267.33,14,,
20RITI20838,418.21,14,,
20RITI20870,391.94,14,,
20RITI20882,383.35,14,,
20RITI20779,385.41,14,,
20RITI20828,259.83,14,,
20RITI20796,351.96,14,,
20RITI20877,466.4,14,,
20RITI20787,346.33,14,,
20RITI20794,339.97,14,,
20RITI20797,278.09,14,,
20RITI20747,332.21,14,,
20RITI20885,408.71,14,,
20RITI20891,408.08,14,,
20RITI20763,256.26,14,,
20RITI20883,453.99,14,,
20RITI20895,349.48,14,,
20RITI20741,298.44,14,,
20RITI20798,359.31,1,,
20RITI20764,358.48,14,bag 14 ends,
20RITI20785,352.85,15,bag 15 starts,
20RITI20773,291.03,15,,
20RITI20748,386.12,15,,
20RITI20781,235,15,,
20RITI20755,423.61,15,,
20RITI20776,425.98,15,,
20RITI20750,356.39,15,,
20RITI20739,113.33,15,,
20RITI20784,333.76,15,,
20RITI20753,409.88,15,,
20RITI20873,425.83,15,,
20RITI20829,438.07,15,,
20RITI20749,255.77,15,,
20RITI20746,325.12,15,,
20RITI20751,365.68,15,,
20RITI20881,493.15,15,,
20RITI20775,395.39,15,,
20RITI20752,365.97,15,,
20RITI20876,517.81,15,,
20RITI20783,282.92,15,,
20RITI20827,349.84,15,,
20RITI21119,229.63,15,,
20RITI21168,184.89,15,,
20RITI21165,282.98,15,,
20RITI21108,259.21,15,,
20RITI21102,249.9,15,,
20RITI21103,276.3,15,,
20RITI21117,178,15,,
20RITI21101,282.68,15,,
20RITI21155,217.49,15,,
20RITI21163,286.89,15,,
20RITI21109,288.24,15,,
20RITI21111,222.91,15,,
20RITI21105,248.37,15,,
20RITI21110,251.52,15,,
20RITI21112,217.43,15,,
20RITI21104,273.76,15,,
20RITI21115,256.92,15,,
20RITI21123,276.8,15,,
20RITI21298,340.43,15,,
20RITI21132,253.04,15,,
20RITI21120,218.68,15,,
20RITI21106,200.16,15,,
20RITI21118,224.46,15,,
20RITI21121,267.78,15,,
20RITI21125,264.04,15,,
20RITI21167,282.29,15,,
20RITI21162,294.28,15,,
20RITI21126,210.56,15,,
20RITI21158,307.42,15,,
20RITI21113,274.84,15,,
20RITI21116,225.23,15,,
20RITI21114,256.76,15,,
20RITI21127,133.51,15,,
20RITI21174,271.67,15,,
20RITI21124,320.69,15,,
20RITI21160,309.67,15,,
20RITI21169,313.24,16,bag 16 start,
20RITI21279,315.56,16,,
20RITI21275,375.78,16,,
20RITI21133,302.92,16,,
20RITI21130,229.61,16,,
20RITI21128,219.78,16,,
20RITI21107,267.23,16,,
20RITI21173,307.7,16,,
20RITI21178,210.94,16,,
20RITI21278,451.47,16,,
20RITI21177,247.75,16,,
20RITI21136,252.03,16,quarter size hole in bottom of bag,
20RITI21139,313.48,16,,
20RITI21234,409.22,16,,
20RITI21161,192.62,16,,
20RITI21129,194.94,16,,
20RITI21131,304.41,16,,
20RITI21170,326.15,16,,
20RITI21135,195.15,16,,
20RITI21142,244.35,16,,
20RITI21157,231.12,16,,
20RITI21299,480.22,16,,
20RITI21134,221.16,16,,
20RITI21159,387.99,16,,
20RITI21138,356.57,16,,
20RITI21166,384.89,16,,
20RITI21154,286.63,16,,
20RITI21122,258.39,16,,
20RITI21172,299.22,16,,
20RITI21188,210.53,16,,
20RITI21147,290.42,16,,
20RITI21285,448.14,16,,
20RITI21200,319.22,16,,
20RITI21176,312.49,16,,
20RITI21143,224.56,16,,
20RITI21197,317.64,16,large tear in bag side. End of bag 16.,
20RITI21153,242.16,17,17 starts,
20RITI21198,355.52,17,,
20RITI21152,234,17,,
20RITI21141,239.91,17,,
20RITI21199,277.9,17,,
20RITI21140,250.1,17,,
20RITI21149,295.26,17,,
20RITI21146,243.51,17,,
20RITI21148,319.42,17,,
20RITI21137,231.75,17,,
20RITI21144,291.63,17,,
20RITI21164,296.62,17,,
20RITI21151,304.67,17,,
20RITI21145,281.34,17,,
20RITI20756,330.75,17,,
20RITI21156,328.02,17,,
20RITI20772,377.25,17,,
20RITI20759,324.78,17,,
20RITI20809,330.44,17,,
20RITI20709,288.68,17,,
20RITI20802,287.3,17,,
20RITI20791,300.59,17,,
20RITI20765,340.8,17,,
20RITI20803,319.07,17,,
20RITI20825,334.68,17,,
20RITI20833,387.54,17,,
20RITI20758,231.66,17,,
20RITI20806,297.39,17,,
20RITI20912,232.29,17,,
20RITI20814,268.02,17,,
20RITI20801,270.1,17,,
20RITI20720,226.72,17,,
20RITI20718,243.66,17,,
20RITI20716,233.67,17,,
20RITI20817,343.4,17,,
20RITI20715,256.24,17,,
20RITI20713,247.75,17,,
20RITI20800,391.16,17,,
20RITI20761,270.2,17,,
20RITI20869,389.78,17,,
20RITI20774,498.68,17,,
20RITI20805,364.85,17,,
20RITI20808,471.46,17,,
20RITI20818,268.09,17,,
20RITI20816,259.16,17,,
20RITI20714,222.05,17,,
20RITI20711,269.63,17,,
20RITI20804,348.6,17,,
20RITI20872,404.87,17,,
20RITI20706,356.04,17,,
20RITI20851,391.58,17,,
20RITI20768,252.26,17,,
20RITI20856,391.68,17,,
20RITI20807,351.83,17,17 ends,
20RITI20819,283.27,18,start of bag 18,
20RITI20780,191.3,18,,
20RITI20847,394.06,18,,
20RITI20832,333.37,18,,
20RITI20777,397.5,18,,
20RITI20888,485.32,18,,
20RITI20858,494.05,18,,
20RITI20702,226.96,18,,
20RITI20866,517.23,18,,
20RITI20871,239.99,18,,
20RITI20767,237.12,18,,
20RITI20887,390.16,18,,
20RITI20879,538.83,18,,
20RITI20736,257.37,18,,
20RITI20811,292.26,18,,
20RITI20703,201.76,18,,
20RITI20792,450.31,18,,
20RITI20900,577.47,18,,
20RITI20662,328.2,18,,
20RITI20989,295,18,,
20RITI21308,298.04,18,,
20RITI20400,111.17,18,,
20RITI20334,239.98,18,,
20RITI20393,337.52,18,,
20RITI21424,254.21,18,,
20RITI20686,284.24,18,,
20RITI20374,252.21,18,,
20RITI20637,405.17,18,,
20RITI20902,162.28,18,,
20RITI20636,271.72,18,,
20RITI21361,545.72,18,,
20RITI21305,272.41,18,,
20RITI20699,247.53,18,,
20RITI21373,149.56,18,,
20RITI21324,236.59,18,,
20RITI21387,342.41,18,,
20RITI20615,247.68,18,,
20RITI20617,244.06,18,,
20RITI20631,398.02,18,,
20RITI20635,337.06,18,,
20RITI20605,340.72,18,,
20RITI20988,293.98,18,,
20RITI20623,279.05,18,,
20RITI20966,239.02,18,,
20RITI21330,176.8,18,,
20RITI20614,336.18,18,,
20RITI20616,43.73,18,18 ends,
20RITI20619,295.4,19,19 starts,
20RITI20624,268.64,19,,
20RITI20654,459.31,19,,
20RITI20672,422.87,19,,
20RITI20618,249.02,19,,
20RITI20603,256.26,19,,
20RITI21339,260.99,19,,
20RITI20651,400.02,19,,
20RITI20663,431.09,19,,
20RITI20674,364.84,19,,
20RITI20655,405.28,19,,
20RITI20653,369.34,19,,
20RITI20612,273.15,19,,
20RITI20607,314.56,19,,
20RITI20622,306.09,19,,
20RITI20604,332.75,19,,
20RITI20648,259.69,19,,
20RITI20647,337.01,19,,
20RITI20621,297.01,19,,
20RITI20630,230.44,19,,
20RITI20620,289.86,19,,
20RITI20608,369.17,19,,
20RITI21021,232.3,19,,
20RITI20632,320.57,19,,
20RITI20673,412.67,19,,
20RITI20606,289.97,19,,
20RITI20613,263.68,19,,
20RITI20903,292.11,19,,
20RITI21350,271.69,19,,
20RITI21390,474.44,19,,
20RITI21353,240.51,19,,
20RITI21397,314.25,19,,
20RITI21331,338.8,19,,
20RITI21018,139.89,19,,
20RITI21332,143.56,19,,
20RITI20602,270.91,19,,
20RITI20923,222.52,19,,
20RITI21307,229.67,19,,
20RITI21319,225.27,19,,
20RITI21097,386.08,19,,
20RITI21388,298.74,19,,
20RITI21314,195.45,19,,
20RITI21343,289.39,19,,
20RITI20931,237.93,19,,
20RITI21320,305.59,19,,
20RITI21317,177.82,19,,
20RITI21382,472.17,19,,
20RITI21357,237.36,19,19 ends,
20RITI21400,330.73,20,20 begins,
20RITI21354,247.93,20,,
20RITI21345,266.17,20,,
20RITI20906,288.88,20,,
20RITI21383,450.84,20,,
20RITI21302,233.85,20,,
20RITI21393,415.51,20,,
20RITI20962,206.39,20,,
20RITI21378,413.2,20,,
20RITI21398,359.84,20,,
20RITI21471,282.99,20,,
20RITI21303,206.01,20,,
20RITI21399,399.43,20,,
20RITI21380,522.8,20,,
20RITI20977,265.82,20,,
20RITI21374,312.83,20,,
20RITI21315,225.97,20,,
20RITI21342,260.95,20,,
20RITI20948,319.04,20,,
20RITI21372,408.11,20,,
20RITI21356,312.68,20,,
20RITI21363,312.81,20,,
20RITI21347,298.4,20,,
20RITI21389,419.58,20,,
20RITI21325,288.99,20,,
20RITI21396,432.07,20,,
20RITI21371,289.43,20,,
20RITI21366,357.81,20,,
20RITI21352,266.64,20,,
20RITI21351,459.08,20,,
20RITI21311,239.21,20,,
20RITI21326,317.82,20,,
20RITI21360,278.41,20,,
20RITI21376,361.62,20,,
20RITI21367,399.91,20,,
20RITI21403,268.18,20,,
20RITI21407,270.36,20,,
20RITI20987,321.92,20,,
20RITI20911,269.74,20,,
20RITI20964,309.8,20,,
20RITI21040,295.77,20,,
20RITI20920,143.49,20,,
20RITI21415,256.67,20,,
20RITI20944,274.19,20,,
20RITI20953,260.37,20,,
20RITI20922,100.5,20,,
20RITI20950,307.93,20,,
20RITI20975,348.17,20,,
20RITI20938,260.38,20,,
20RITI20974,276.32,20,,
20RITI20952,246.23,20,20 ends,
20RITI21428,254.65,21,21 starts,
20RITI21065,326.7,21,,
20RITI21445,260.38,21,,
20RITI21489,369.37,21,,
20RITI21413,262.78,21,,
20RITI21488,357.12,21,,
20RITI20929,230.75,21,,
20RITI21443,273.53,21,,
20RITI21490,261.13,21,,
20RITI20983,266.08,21,,
20RITI21497,381.65,21,,
20RITI20926,215.88,21,,
20RITI21005,394.75,21,,
20RITI20965,313.97,21,,
20RITI21426,253.15,21,,
20RITI21450,383.35,21,,
20RITI21089,347.17,21,,
20RITI21448,332.46,21,,
20RITI21028,272.16,21,,
20RITI20919,214.23,21,,
20RITI21499,410.47,21,,
20RITI21495,443.59,21,,
20RITI20941,199.23,21,,
20RITI21091,421.92,21,,
20RITI21074,439.02,21,,
20RITI20918,236.87,21,,
20RITI21023,310.8,21,,
20RITI21012,278.62,21,,
20RITI21061,372.63,21,,
20RITI20936,286.35,21,,
20RITI21032,372.46,21,,
20RITI21037,298.8,21,,
20RITI21025,307.46,21,,
20RITI21036,337.06,21,,
20RITI21478,407.79,21,,
20RITI21054,383.81,21,,
20RITI21004,107.46,21,,
20RITI21075,304.84,21,,
20RITI20970,334.39,21,,
20RITI21072,319.7,21,,
20RITI21096,473.1,21,,
20RITI21017,247.63,21,,
20RITI21081,300.36,21,,
20RITI21015,352.42,21,21 ends,
20RITI20925,272.14,22,22 starts,
20RITI21429,279.33,22,,
20RITI21449,360.45,22,,
20RITI21464,361.3,22,,
20RITI21006,309.02,22,,
20RITI21076,402.44,22,,
20RITI20908,285.31,22,,
20RITI21033,337.87,22,,
20RITI21420,346.83,22,,
20RITI21069,336.54,22,,
20RITI20939,302.29,22,,
20RITI21046,263.46,22,,
20RITI21480,385.65,22,,
20RITI21034,380.04,22,,
20RITI21084,319.81,22,,
20RITI21073,333.28,22,,
20RITI21057,322.48,22,,
20RITI21071,303.89,22,,
20RITI21031,414.27,22,,
20RITI21039,285.63,22,,
20RITI21042,262.81,22,,
20RITI21477,345.68,22,,
20RITI21055,306.24,22,,
20RITI21051,368.52,22,,
20RITI21035,398.66,22,,
20RITI21438,407.72,22,,
20RITI20634,336.03,22,,
20RITI20916,183.14,22,,
20RITI21430,303.54,22,,
20RITI20691,454.66,22,,
20RITI20628,264.76,22,,
20RITI20609,155.81,22,,
20RITI20625,283.41,22,,
20RITI21024,392.39,22,,
20RITI20697,374.98,22,,
20RITI20700,391.62,22,,
20RITI20658,528.31,22,,
20RITI20629,327.34,22,,
20RITI20610,369.78,22,,
20RITI20633,427.64,22,,
20RITI20656,439.28,22,,
20RITI20645,321.79,22,,
20RITI20668,315.86,22,,
20RITI20646,353.67,22,,
20RITI20692,428.6,22,,
20RITI20907,266.45,22,,
20RITI20685,444.77,22,,
20RITI20652,334.53,22,,
20RITI20660,498.31,22,,
20RITI20644,300.94,22,,
20RITI20650,375.43,22,,
20RITI20679,381.74,22,,
20RITI20693,245.93,22,,
20RITI20676,499.47,22,,
20RITI20666,476.51,22,,
20RITI20601,233.2,22,22 end,
20RITI21788,361.7,23,23 start,
20RITI21787,464.71,23,,
20RITI21770,320.97,23,,
20RITI21709,302.88,23,,
20RITI21778,429.55,23,,
20RITI21790,448.48,23,,
20RITI21791,467.82,23,,
20RITI21710,335.97,23,,
20RITI21711,292.26,23,,
20RITI21723,326.52,23,,
20RITI21741,221.69,23,,
20RITI21793,310.5,23,,
20RITI21777,497.43,23,,
20RITI21738,119.79,23,,
20RITI21736,364.02,23,,
20RITI21739,374.34,23,,
20RITI21737,277.38,23,,
20RITI21740,376.93,23,,
20RITI21705,253.16,23,,
20RITI21704,285.17,23,,
20RITI21706,317.57,23,,
20RITI21703,374.32,23,,
20RITI21722,389.43,23,,
20RITI21707,233.26,23,,
20RITI21733,413.53,23,,
20RITI21708,271.27,23,,
20RITI21780,381.85,23,,
20RITI21702,396.75,23,,
20RITI20282,325.51,23,,
20RITI21783,467.14,23,,
20RITI21735,324.26,23,,
20RITI20627,300.6,23,,
20RITI21779,407.07,23,,
20RITI20611,397.66,23,,
20RITI21784,369.28,23,,
20RITI21782,392.17,23,,
20RITI20643,267.57,23,,
20RITI21701,345.46,23,,
20RITI21734,352.42,23,,
20RITI20657,117.09,23,,
20RITI20253,456.01,23,,
20RITI20269,386.79,23,,
20RITI20231,278.97,23,,
20RITI20695,424.31,23,23 end,
20RITI20671,341.62,24,24 start,
20RITI20659,513.55,24,,
20RITI20670,391.76,24,,
20RITI20680,454.14,24,,
20RITI20661,314.05,24,,
20RITI20689,343.69,24,,
20RITI20260,535.93,24,,
20RITI20262,408.02,24,,
20RITI20292,310.84,24,,
20RITI20251,330.69,24,,
20RITI20209,231.07,24,,
20RITI20208,345.84,24,,
20RITI20252,506.06,24,,
20RITI20291,329.75,24,,
20RITI20274,277.03,24,,
20RITI20232,422.67,24,,
20RITI20246,367.86,24,,
20RITI20281,441.84,24,,
20RITI20233,360.6,24,,
20RITI20244,232.23,24,,
20RITI21732,360.81,24,,
20RITI20237,319.82,24,,
20RITI20254,344.09,24,,
20RITI20236,314.2,24,,
20RITI20250,266.21,24,,
20RITI21800,470.84,24,,
20RITI20240,296.84,24,,
20RITI20241,267.66,24,,
20RITI21795,476.87,24,,
20RITI21799,340.54,24,,
20RITI21797,371.01,24,,
20RITI21796,340.66,24,,
20RITI21786,373.15,24,,
20RITI20681,402.11,24,,
20RITI20682,496.18,24,,
20RITI21794,606.21,24,,
20RITI20242,206.78,24,,
20RITI21785,458.05,24,,
20RITI20641,252.96,24,,
20RITI20694,358.26,24,,
20RITI20690,533.73,24,,
20RITI20683,403.24,24,,
20RITI20684,370.33,24,,
20RITI20640,293.3,24,,
20RITI20667,351.8,24,,
20RITI20677,476.5,24,,
20RITI20639,359.39,24,,
20RITI20669,323.78,24,,
20RITI20332,201.55,24,,
20RITI20310,181.61,24,,
20RITI21781,65.26,24,green at harvest,
20RITI20698,90.27,25,25 starts,
20RITI20688,488.01,25,,
20RITI20664,406.87,25,,
20RITI20687,457.65,25,,
20RITI20665,453.7,25,,
20RITI20638,403.13,25,,
20RITI20675,450.63,25,,
20RITI20696,368.51,25,,
20RITI20359,314.09,25,,
20RITI20678,435.7,25,,
20RITI20502,218.38,25,,
20RITI20517,202.56,25,,
20RITI20503,215.26,25,,
20RITI20642,350.1,25,,
20RITI20564,309.96,25,,
20RITI20563,223.19,25,,
20RITI20552,326.88,25,,
20RITI20509,245.71,25,,
20RITI20599,179.33,25,,
20RITI21762,353.76,25,,
20RITI21724,300.61,25,,
20RITI20519,203.1,25,,
20RITI20134,115.57,25,,
20RITI20196,226.26,25,,
20RITI21771,344.73,25,,
20RITI21773,405.89,25,,
20RITI21789,443.74,25,,
20RITI21725,350.62,25,,
20RITI21760,308.38,25,,
20RITI20191,158.17,25,,
20RITI20193,186.6,25,,
20RITI20107,161.83,25,,
20RITI20164,267.54,25,,
20RITI20121,181.23,25,,
20RITI20115,229.2,25,,
20RITI20199,236.44,25,,
20RITI20037,58.12,25,"Bag has ""?"" on it - AH 10/10/2023",
20RITI20132,220.2,25,,
20RITI20183,263.94,25,,
20RITI20189,369.1,25,,
20RITI20573,300.51,25,,
20RITI20600,181.26,25,,
20RITI20518,210.23,25,,
20RITI20584,165.81,25,,
20RITI20576,376.89,25,,
20RITI20575,177.97,25,,
20RITI20172,281.9,25,,
20RITI20501,246.55,25,,
20RITI20574,243.54,25,,
20RITI20572,320.86,25,,
20RITI20167,196.46,25,,
20RITI20175,244.2,25,,
20RITI20173,257.29,25,,
20RITI20162,255.16,25,,
20RITI20116,120.4,25,,
20RITI20194,261.81,25,,
20RITI20140,237.29,25,,
20RITI20160,265.72,25,"Tears on bag bottom, possible seed loss - AH 10/10/2023",
20RITI20153,181.4,25,,
20RITI20142,139.8,25,,
20RITI20178,233.36,25,,
20RITI20118,194.46,25,,
20RITI20185,185.82,25,,
20RITI20165,43.18,25,,
20RITI20109,214.17,25,,
20RITI20061,259.06,25,small tear in bottom of bag - AH 10/10/2023,
20RITI20141,146.88,25,,
20RITI20182,272.57,25,,
20RITI20159,164.28,25,,
20RITI20143,149.58,25,,
20RITI20126,207.39,25,end of25,
20RITI20088,245.83,26,26 start,
20RITI20127,167.66,26,,
20RITI20154,208.05,26,,
20RITI20137,215.17,26,,
20RITI20192,341.75,26,,
20RITI20184,249.68,26,,
20RITI20169,256.14,26,,
20RITI20112,205.25,26,,
20RITI20135,176.8,26,,
20RITI20145,190.62,26,,
20RITI20146,163.3,26,,
20RITI20130,197.75,26,,
20RITI20155,284.25,26,,
20RITI20151,287.73,26,,
20RITI20187,223.04,26,,
20RITI20042,181.01,26,,
20RITI20046,258.48,26,,
20RITI20181,175.24,26,,
20RITI20128,165.09,26,,
20RITI20031,175.17,26,,
20RITI20110,177.73,26,,
20RITI20168,202.1,26,,
20RITI20018,208.99,26,,
20RITI20158,203.5,26,,
20RITI20056,321.3,26,,
20RITI20101,262.35,26,,
20RITI20104,179.09,26,,
20RITI20180,301.89,26,,
20RITI20113,119.83,26,,
20RITI20138,225.11,26,,
20RITI20125,180.01,26,,
20RITI20190,215.5,26,,
20RITI20188,394.73,26,,
20RITI20144,124.11,26,,
20RITI20149,219.82,26,,
20RITI20171,230.51,26,,
20RITI20103,162.17,26,,
20RITI20163,258.32,26,,
20RITI20102,225.68,26,,
20RITI20157,188.31,26,,
20RITI20186,199.94,26,,
20RITI20133,168.23,26,,
20RITI20117,173.5,26,,
20RITI20019,201.98,26,,
20RITI20108,226.5,26,,
20RITI20021,304.31,26,,
20RITI20023,314.51,26,,
20RITI20105,250.76,26,,
20RITI20120,226.17,26,,
20RITI20170,264.46,26,,
20RITI20080,349.29,26,,
20RITI20156,137.54,26,,
20RITI20065,422.63,26,,
20RITI20044,297.53,26,,
20RITI20041,303.58,26,,
20RITI20161,194.59,26,,
20RITI20347,278.12,26,,
20RITI20361,391.2,26,,
20RITI20123,194.37,26,,
20RITI20315,183.91,26,Large tear in bag side. Seedloss umknown. ,
20RITI20387,322.2,26,,
20RITI20314,251.25,26,,
20RITI20372,313.97,26,,
20RITI20301,237.74,26,,
20RITI20383,217.49,26,,
20RITI20367,260.55,26,,
20RITI20335,242.12,26,"Tears on bag bottom, possible seed loss - AH 10/10/2023",
20RITI20381,337.05,26,,
20RITI20389,266.24,26,,
20RITI20388,349.77,26,,
20RITI20391,312.87,26,,
20RITI20362,239.91,26,,
20RITI20379,257.9,26,,
20RITI20360,232.75,26,,
20RITI20325,208.94,26,,
20RITI20357,254.41,26,,
20RITI20349,222.14,26,,
20RITI20384,274.15,26,26 end,
20RITI20353,196.3,27,27 start,
20RITI20363,227.35,27,,
20RITI20330,164.38,27,,
20RITI20343,197.46,27,,
20RITI20322,256.63,27,,
20RITI20304,216.06,27,,
20RITI20396,410.89,27,,
20RITI20328,235.73,27,small tear in bottom,
20RITI20354,266.8,27,small tear in sidewall,
20RITI20366,274.37,27,,
20RITI20333,260.48,27,,
20RITI20358,287.43,27,,
20RITI20344,168.24,27,,
20RITI20390,256.52,27,,
20RITI20355,215.74,27,,
20RITI20371,317.44,27,,
20RITI20397,320.85,27,,
20RITI20302,209.48,27,,
20RITI20329,35.35,27,,
20RITI20370,85.37,27,,
20RITI20356,173.11,27,,
20RITI20385,226.93,27,,
20RITI20320,276.64,27,,
20RITI20376,362.31,27,,
20RITI20307,212.3,27,,
20RITI20312,206.05,27,,
20RITI20375,285.91,27,,
20RITI20309,234.62,27,,
20RITI20321,269.39,27,,
20RITI20327,185.27,27,,
20RITI20306,293.62,27,,
20RITI20305,225.87,27,,
20RITI20380,240.36,27,,
20RITI20373,278.58,27,,
20RITI20345,265.24,27,,
20RITI20364,275.96,27,,
20RITI20399,335.93,27,,
20RITI20339,290.3,27,,
20RITI20311,314.89,27,,
20RITI20319,194.73,27,,
20RITI20313,186.18,27,,
20RITI20338,206.43,27,,
20RITI20377,241.22,27,,
20RITI20392,289.85,27,,
20RITI20394,312.1,27,,
20RITI20382,209.49,27,,
20RITI20368,161.3,27,,
20RITI20578,411.64,27,,
20RITI20351,187.37,27,,
20RITI21564,370.6,27,,
20RITI20538,181.77,27,,
20RITI20303,232.34,27,,
20RITI20318,176.62,27,,
20RITI20337,293.27,27,,
20RITI20348,277.11,27,,
20RITI20398,263.21,27,,
20RITI20324,164.02,27,27 ends,
20RITI20336,241.01,28,28 starts,
20RITI20395,328.75,28,lost ~40 seeds,
20RITI21539,413.71,28,,
20RITI21544,227.1,28,,
20RITI20386,239.97,28,,
20RITI20323,225.87,28,,
20RITI21562,391.5,28,,
20RITI21538,281.69,28,,
20RITI21540,374.59,28,,
20RITI21563,425.66,28,,
20RITI20455,437.01,28,,
20RITI20416,232.15,28,,
20RITI20449,257.75,28,,
20RITI20438,251.85,28,,
20RITI20421,322.83,28,,
20RITI21536,388.95,28,,
20RITI21537,107.06,28,,
20RITI20422,268.19,28,,
20RITI20435,426.14,28,,
20RITI20434,397.82,28,,
20RITI20424,269.83,28,,
20RITI20450,275.64,28,,
20RITI20415,249.3,28,,
20RITI20418,233.76,28,,
20RITI20406,205.3,28,,
20RITI20407,320.21,28,,
20RITI20436,455.62,28,,
20RITI20425,275.28,28,,
20RITI21515,220.35,28,"tears on bag side, possible seed loss - AH 10/11/2023",
20RITI21576,339.15,28,,
20RITI21561,425.54,28,,
20RITI21517,255.66,28,,
20RITI20522,250.15,28,,
20RITI20590,436.39,28,,
20RITI20441,279.51,28,,
20RITI20442,278.46,28,,
20RITI21586,392.71,28,,
20RITI20451,264.24,28,,
20RITI20558,317.16,28,,
20RITI20532,187.12,28,,
20RITI20540,180.05,28,,
20RITI20526,266.64,28,,
20RITI20542,265.34,28,,
20RITI20528,212.09,28,,
20RITI20543,205.93,28,,
20RITI20510,268.16,28,,
20RITI21591,289.9,28,,
20RITI20536,309.88,28,,
20RITI21552,307.16,28,,
20RITI20568,201.19,28,,
20RITI21551,307.93,28,,
20RITI20555,278.69,28,,
20RITI20533,264,28,,
20RITI20592,219.71,29,,
20RITI20530,164.4,29,,
20RITI20529,170.03,29,,
20RITI20534,50.27,29,,
20RITI20411,46.1,29,,
20RITI21547,374.3,29,,
20RITI20508,239.23,29,,
20RITI21550,348.31,29,,
20RITI20527,243.4,29,,
20RITI21583,399.13,29,,
20RITI20551,291.09,29,,
20RITI20559,231.93,29,,
20RITI20524,256.18,29,,
20RITI20402,305.37,29,,
20RITI21566,337.4,29,,
20RITI20553,385.8,29,,
20RITI21574,398.35,29,,
20RITI20556,304.43,29,,
20RITI20550,309.22,29,,
20RITI20595,222.79,29,,
20RITI20594,315.96,29,,
20RITI20547,322.81,29,,
20RITI20548,274.25,29,,
20RITI20561,225.96,29,,
20RITI20523,234.64,29,,
20RITI20525,214.82,29,,
20RITI20585,125.14,29,,
20RITI20549,195.06,29,,
20RITI20545,171.2,29,,
20RITI20581,309.9,29,,
20RITI20541,229.86,29,,
20RITI20546,239.13,29,,
20RITI20569,266.16,29,,
20RITI21560,325.57,29,,
20RITI20537,216.11,29,,
20RITI20580,307.83,29,,
20RITI20560,247.71,29,,
20RITI20539,223.5,29,,
20RITI20582,232.63,29,,
20RITI20571,306.82,29,,
20RITI20577,228.97,29,,
20RITI20593,269.97,29,,
20RITI20516,183.63,29,,
20RITI20570,160.57,29,,
20RITI20583,207.61,29,,
20RITI20512,188,29,,
20RITI20535,124.32,29,,
20RITI20567,219.24,29,,
20RITI21501,342.69,29,"Bag tore when removed from bin - lost about quarter of sample, sample spilled unsalvageable",
20RITI21569,408.04,29,large tear on bag sidewall,
20RITI20514,224.68,29,,
20RITI20557,187.6,29,,
20RITI20520,251.17,29,,
20RITI20515,264.76,29,,
20RITI20566,298.83,29,,
20RITI20579,307.41,29,,
20RITI20587,161.63,29,,
20RITI20591,245.17,29,,
20RITI20507,202.73,29,,
20RITI20597,361.56,29,,
20RITI20586,180.28,29,,
20RITI20513,243.79,29,,
20RITI20521,247.76,29,,
20RITI20565,350.48,29,,
20RITI20596,316.6,29,,
20RITI20598,364.12,29,,
20RITI20589,245.31,29,,
20RITI20588,140.78,29,,
20RITI21504,266.48,29,,
20RITI21557,381.39,29,,
20RITI20499,380.04,29,,
20RITI20500,409.35,29,,
20RITI20464,404.59,29,,
20RITI20419,284.44,29,,
20RITI21522,248.53,29,29 ends,
20RITI21523,268.4,30,30 starts,
20RITI20467,314.59,30,,
20RITI21512,254.25,30,,
20RITI20456,452.02,30,,
20RITI20457,396.41,30,,
20RITI21543,284.12,30,,
20RITI21542,358.42,30,,
20RITI20454,364.67,30,,
20RITI21558,403.66,30,,
20RITI21545,358.81,30,,
20RITI20460,397.35,30,,
20RITI20432,313.41,30,,
20RITI20482,387.16,30,,
20RITI20562,278.7,30,,
20RITI21531,307.03,30,,
20RITI20409,262.07,30,,
20RITI20433,352.9,30,,
20RITI20490,531.19,30,,
20RITI20489,387.99,30,,
20RITI20462,265.35,30,,
20RITI20468,354.85,30,,
20RITI20429,337.76,30,,
20RITI20485,243.1,30,,
20RITI20483,223.39,30,,
20RITI20484,345.76,30,,
20RITI20498,403.71,30,,
20RITI20472,402.93,30,,
20RITI20461,299.5,30,,
20RITI20463,284.57,30,,
20RITI21546,321.63,30,,
20RITI21534,389.05,30,,
20RITI20493,64.81,30,,
20RITI21530,307.67,30,small tear in sidewall,
20RITI20403,294.38,30,,
20RITI21535,357.64,30,,
20RITI21597,427.25,30,,
20RITI21508,354.42,30,,
20RITI21568,366.18,30,,
20RITI21520,209.59,30,,
20RITI20453,455.76,30,,
20RITI21582,385.69,30,,
20RITI21571,402.93,30,,
20RITI21541,350.44,30,,
20RITI21577,391.86,30,,
20RITI21559,495.44,30,,
20RITI21594,435.45,30,,
20RITI21581,441.17,30,,
20RITI21580,334.42,30,,
20RITI21588,371.64,30,,
20RITI21506,299.68,30,,
20RITI21585,319.55,30,,
20RITI21516,303.15,30,,
20RITI20452,153.76,30,,
20RITI21513,176.93,30,,
20RITI20506,186.28,30,,
20RITI21527,251.58,30,,
20RITI20439,335.17,30,,
20RITI20423,316.44,30,,
20RITI21511,257.3,30,,
20RITI20437,371.89,30,,
20RITI21573,312.74,30,,
20RITI20412,300.25,30,end of 30,
20RITI21572,471.87,31,start of 31; large tear on sidewall,
20RITI20466,351.75,31,,
20RITI21521,399.44,31,,
20RITI20446,300.29,31,,
20RITI20427,399.68,31,,
20RITI20447,355.52,31,,
20RITI21570,329.01,31,,
20RITI20443,285.76,31,,
20RITI20420,315.86,31,,
20RITI20554,246.44,31,,
20RITI20431,303.08,31,,
20RITI20444,273.34,31,,
20RITI20504,195.15,31,,
20RITI21578,124.73,31,,
20RITI20417,228.74,31,,
20RITI20430,226.33,31,,
20RITI20448,324.34,31,,
20RITI20445,303.79,31,,
20RITI20428,362.81,31,,
20RITI20410,291.01,31,,
20RITI21548,407.66,31,,
20RITI20479,330.59,31,,
20RITI21584,339.69,31,,
20RITI21510,269.33,31,,
20RITI21579,425.97,31,,
20RITI21519,296,31,,
20RITI21526,353.59,31,,
20RITI21509,322.32,31,,
20RITI21592,317.19,31,,
20RITI21565,402.33,31,,
20RITI21524,314.5,31,,
20RITI21567,496.52,31,,
20RITI21518,256.69,31,,
20RITI21555,308.51,31,,
20RITI21593,356.41,31,,
20RITI21589,407.72,31,,
20RITI21587,321.61,31,,
20RITI20426,278.67,31,,
20RITI21590,345.13,31,,
20RITI20505,222.28,31,,
20RITI20459,428.51,31,,
20RITI21575,265.25,31,,
20RITI20408,174.51,31,,
20RITI21525,328.92,31,,
20RITI20531,274.18,31,,
20RITI21556,383.78,31,,
20RITI21529,365.93,31,,
20RITI21598,499.17,31,,
20RITI21554,340.81,31,,
20RITI21549,344.73,31,,
20RITI21600,361.33,31,,
20RITI20474,455.06,31,,
20RITI21528,361.32,31,,
20RITI21599,427.47,31,,
20RITI20465,297.14,31,,
20RITI20511,245.09,31,,
20RITI20458,402.25,31,,
20RITI21553,299.54,31,,
20RITI20544,172.67,31,,
20RITI20440,164.36,31,,
20RITI21628,320.72,31,Large tear in bag bottom,
20RITI21595,342.37,31,Large tear in bag bottom,
20RITI20470,406.31,31,Large tear in bag bottom,
20RITI20496,308.29,31,31 end,
20RITI21688,298.45,32,32 start,
20RITI20497,330.77,32,,
20RITI20495,269.87,32,,
20RITI21684,270.04,32,,
20RITI21685,363.09,32,,
20RITI21673,342.73,32,,
20RITI21674,362,32,,
20RITI21502,433.49,32,,
20RITI21686,454.21,32,,
20RITI21682,282.84,32,,
20RITI21671,332.33,32,,
20RITI20476,305.4,32,,
20RITI21683,428.55,32,,
20RITI21676,404.57,32,,
20RITI21694,378.94,32,,
20RITI21695,345.47,32,,
20RITI21641,349.83,32,,
20RITI21620,253.81,32,,
20RITI21629,282.46,32,,
20RITI21616,320.29,32,,
20RITI21622,255.33,32,,
2RITI21649,437.02,32,,
20RITI21646,362.3,32,,
20RITI21621,303.2,32,,
20RITI21505,328.26,32,,
20RITI21618,301.36,32,,
20RITI21630,327.37,32,,
20RITI21651,359.76,32,,
20RITI21652,299.27,32,small tear in bag bottom,
20RITI21617,291.35,32,,
20RITI21642,298.63,32,,
20RITI21532,313.46,32,small tear in bag bottom,
20RITI21624,355.09,32,,
20RITI21691,457.69,32,,
20RITI21672,390.82,32,,
20RITI21640,358.48,32,,
20RITI21643,184.8,32,,
20RITI21637,357.57,32,,
20RITI21692,355.6,32,,
20RITI21678,427.46,32,,
20RITI21609,351.18,32,,
20RITI21666,452.9,32,,
20RITI20492,326.98,32,,
20RITI21690,376.82,32,,
20RITI21627,297.25,32,,
20RITI21626,240.51,32,,
20RITI21653,316.86,32,,
20RITI21654,342.3,32,,
20RITI21659,538.37,32,,
20RITI21658,469.53,32,,
20RITI21677,316.51,32,,
20RITI20475,379.61,32,,
20RITI21507,250.27,32,,
20RITI21660,222.33,32,,
20RITI20491,384.42,32,,
20RITI21679,467.16,32,end of 32,
20RITI21639,313.7,33,start of 33,
20RITI21638,338.48,33,,
20RITI21648,167.22,33,,
20RITI21644,321.01,33,,
20RITI20469,321.16,33,,
20RITI21669,347.82,33,,
20RITI21670,325.51,33,,
20RITI20494,467.64,33, hole near staple/may havr lost seed JB 10/16/23,
20RITI21664,370.65,33,,
20RITI21665,370.29,33,,
20RITI21687,237.93,33,,
20RITI21675,199.56,33,,
20RITI20401,252.21,33,,
20RITI21613,254,33,,
20RITI21693,400.35,33,,
20RITI21635,428.13,33,,
20RITI21633,356.21,33,,
20RITI21608,288.43,33,,
20RITI21634,415.99,33,,
20RITI20471,269.57,33,,
20RITI21606,278.39,33,,
20RITI21636,308.81,33,,
20RITI21625,274.77,33,,
20RITI21647,358.79,33,,
20RITI21604,346.69,33,,
20RITI21615,243.48,33,,
20RITI21661,461.26,33,,
20RITI21611,327.12,33,,
20RITI21533,379.87,33,,
20RITI21602,367.05,33,,
20RITI21662,534.57,33,,
20RITI21657,264.54,33,,
20RITI20473,263.25,33,,
20RITI21601,337.06,33,,
20RITI21514,221.16,33,hole in bag/lost seed JB 10/16/23,
20RITI20405,352.59,33,,
20RITI20404,354.05,33,,
20RITI21607,141.19,33,,
20RITI21680,320.87,33,,
20RITI21645,322.63,33,,
20RITI21596,521,33,,
20RITI21689,445.32,33,hole in bag/lost seed JB 10/16/23,
20RITI21619,74.44,33,moldy,
20RITI21650,368.44,33,,
20RITI21623,312.5,33,,
20RITI21656,357.02,33,,
20RITI21632,343.64,33,,
20RITI20487,379.98,33,,
20RITI21681,401.49,33,,
20RITI20486,388.07,33,multiple holes/lost seed JB 10/16/23,
20RITI21698,368.33,33,,
20RITI21697,293.79,33,,
20RITI21603,413.8,33,,
20RITI21614,282.78,33,,
20RITI20477,398.45,33,,
20RITI21696,353.07,33,,
20RITI21612,349.42,33,,
20RITI21668,395.39,33,,
20RITI20481,351.74,33,,
20RITI21667,376.18,33,,
20RITI20480,315.09,33,,
20RITI20478,362.76,33,,
20RITI21610,331.09,33,,
20RITI21605,292.66,33,,
20RITI20488,466.87,33,,
20RITI20414,201.93,33,,
20RITI21663,398.06,33,,
20RITI21700,432.33,33,,
20RITI20413,228.92,33,lost seed/about 200ish seed,
20RITI21699,142.05,33,,
20RITI21631,259.39,33,,
20RITI21043,253.68,33,,
20RITI21086,163.5,33,,
20RITI21050,308.26,33,,
20RITI20823,329.96,,,
20RITI20744,256.65,,,
20RITI21087,445.88,,,
20RITI20712,244.62,,,
20RITI21655,290.09,,,
20RITI21077,360.96,,,
